"first_h2","h1","pageTitle","random_text_from_the_page","url"
"","Opportunities anywhere","Volunteer in your community | MAD For Good","How do we work with Corporate Businesses?","https://platform.madforgood.org/volunteer/all/opportunities"
"","Fundraising Campaigns","Crowdfunding - Sedunia
","We are currently curating the list of fundraising campaigns.Please email us at info@sedunia.me if you are interested in joining the closed-beta program and be the first batch to launch a fundraising campaign on Sedunia.","https://www.sedunia.me/campaigns"
"Volunteer for a Mission","","Missions - Sedunia
","Find out where you can make a difference and start changing lives!   ","https://www.sedunia.me/missions?tag=&show=upcoming&sort=chronological&page=1"
"","","","Hati Programs","https://www.hati.my/hati-programs/"
"","Example Domain","Example Domain","This domain is for use in documentation examples without needing permission. Avoid use in operations.","http://www.example.com"
"","Opportunities anywhere","Volunteer in your community | MAD For Good","How do we work with Corporate Businesses?","https://platform.madforgood.org/volunteer/all/opportunities#bypass-nav"
"MAD For Good connects resources to drive deep, exponential impact.","Here's How We Can Serve You!","Home | MAD For Good","How do we work with Corporate Businesses?","https://platform.madforgood.org/"
"MAD For Good connects resources to drive deep, exponential impact.","Here's How We Can Serve You!","Home | MAD For Good","How do we work with Corporate Businesses?","https://platform.madforgood.org/index"
"","Opportunities anywhere","Volunteer in your community | MAD For Good","How do we work with Corporate Businesses?","https://platform.madforgood.org/volunteer/search"
"","Organisations anywhere","Discover organisations in your city | MAD For Good","How do we work with Corporate Businesses?","https://platform.madforgood.org/organizations"
"Hop in and get upskilled!","MAD Academy","Academy | MAD For Good","How do we work with Corporate Businesses?","https://platform.madforgood.org/academy"
"Volunteer for Events","Attend Events","Events | MAD For Good","How do we work with Corporate Businesses?","https://platform.madforgood.org/events"
"""It is our business to do good. It's not just about branding or commercial value.""","Enabling Businesses & Corporate Organisations","For Businesses | MAD For Good","How do we work with Corporate Businesses?","https://platform.madforgood.org/for-businesses"
"Did You Know? 63% of NGOs cannot survive longer than 6 months without additional funding.","Serving Communities","For Communities | MAD For Good","How do we work with Corporate Businesses?","https://platform.madforgood.org/for-communities"
"✨For Volunteers✨","The Volunteer Pool","Volunteer Pool - Sign up! | MAD For Good","How do we work with Corporate Businesses?","https://platform.madforgood.org/volunteer-pool"
"How did we begin?","Our History","Our Story | MAD For Good","How do we work with Corporate Businesses?","https://platform.madforgood.org/our-story"
"Insaf Malaysia","English Teacher","English Teacher | MAD For Good","How do we work with Corporate Businesses?","https://platform.madforgood.org/o/insafmalaysia/opportunities/English-Teacher/103538"
"About Insaf Malaysia","Insaf Malaysia","Insaf Malaysia | MAD For Good","How do we work with Corporate Businesses?","https://platform.madforgood.org/o/insafmalaysia"
"Join us!","Hello from the team!","Our Team | MAD For Good","How do we work with Corporate Businesses?","https://platform.madforgood.org/our-team"
"Visit the MAD For Good blogs","Blog Posts","MAD For Good","How do we work with Corporate Businesses?","https://platform.madforgood.org/blog"
"Follow our socials for more @madforgood_org","Do Good, Feel Good!","Social Feed | MAD For Good","How do we work with Corporate Businesses?","https://platform.madforgood.org/social-feed"
"","Join MAD For Good","Join MAD For Good | MAD For Good","This site is protected by reCAPTCHA and the Google Privacy Policy and Terms of Service apply.","https://platform.madforgood.org/register"
"","Login","Login | MAD For Good","Or","https://platform.madforgood.org/login"
"","500","500 | MAD For Good","How do we work with Corporate Businesses?","https://platform.madforgood.org/o/UCSI-University-ESR/opportunities/Echoes-of-Hope-Melodies-of-Peace-Musical-Night-2025-Committee/106652"
"About Environmental and Social Responsibilities (ESR)","Environmental and Social Responsibilities (ESR)","Environmental and Social Responsibilities (ESR) | MAD For Good","How do we work with Corporate Businesses?","https://platform.madforgood.org/o/UCSI-University-ESR"
"Environmental and Social Responsibilities (ESR)","YBB x North Youth Changemaker Workshop","YBB x North Youth Changemaker Workshop | MAD For Good","How do we work with Corporate Businesses?","https://platform.madforgood.org/o/UCSI-University-ESR/opportunities/YBB-x-North-Youth-Changemaker-Workshop/107110"
"Teach For Malaysia","ERTI Volunteer Tutor PPR Taman Medan Cahaya (January - April)","ERTI Volunteer Tutor PPR Taman Medan Cahaya (January - April) | MAD For Good","How do we work with Corporate Businesses?","https://platform.madforgood.org/o/Teach-For-Malaysia/opportunities/ERTI-Volunteer-Tutor-PPR-Taman-Medan-Cahaya-January---April/106478"
"About Teach For Malaysia","Teach For Malaysia","Teach For Malaysia | MAD For Good","How do we work with Corporate Businesses?","https://platform.madforgood.org/o/Teach-For-Malaysia"
"Teach For Malaysia","ERTI Volunteer Tutor PPR Desa Rejang (January - April)","ERTI Volunteer Tutor PPR Desa Rejang (January - April) | MAD For Good","How do we work with Corporate Businesses?","https://platform.madforgood.org/o/Teach-For-Malaysia/opportunities/ERTI-Volunteer-Tutor-PPR-Desa-Rejang-January---April/106479"
"SUKA Society","Weekly Activity Session with Children Survivors of Human-trafficking","Weekly Activity Session with Children Survivors of Human-trafficking | MAD For Good","How do we work with Corporate Businesses?","https://platform.madforgood.org/o/SUKA-Society/opportunities/Weekly-Activity-Session-with-Children-Survivors-of-Human-trafficking/88694"
"About SUKA Society","SUKA Society","SUKA Society | MAD For Good","How do we work with Corporate Businesses?","https://platform.madforgood.org/o/SUKA-Society"
"SUKA Society","Children's Education Programme Volunteer","Children's Education Programme Volunteer | MAD For Good","How do we work with Corporate Businesses?","https://platform.madforgood.org/o/SUKA-Society/opportunities/Childrens-Education-Programme-Volunteer/85956"
"4,334,945","Impact made easy.","Sedunia, Impact made easy
","Donate, volunteer and support the people and causes you care about.","https://www.sedunia.me/"
"Volunteer for a Mission","","Missions - Sedunia
","Find out where you can make a difference and start changing lives!   ","https://www.sedunia.me/missions"
"Connect in groups","","Groups - Sedunia
","We are currently curating our missions and would love to help you set up your group together.","https://www.sedunia.me/groups"
"Grow a Community together","","Communities - Sedunia
","Share resources for the places and people we care about.","https://www.sedunia.me/communities"
"Impact made easy.","","About - Sedunia
","","https://www.sedunia.me/about"
"","Frequently Asked Questions","FAQ - Sedunia
","It is 100% free to start a mission. Sedunia does not charge any service fee.","https://www.sedunia.me/faq"
"","Contact Us","Contact Us - Sedunia
","
                    O-G-48 Block O, Jalan PJU 1A/1,
                    Taipan 2, Ara Damansara,
                    47301 Petaling Jaya, Selangor,
                    Malaysia.
                ","https://www.sedunia.me/contact"
"","","Sedunia
","Don't have an account yet?Sign up now","https://www.sedunia.me/campaigns/create"
"","","Sedunia
","Don't have an account yet?Sign up now","https://www.sedunia.me/missions/create"
"","","Sedunia
","Don't have an account yet?Sign up now","https://www.sedunia.me/groups/create"
"Search any keyword","","Search - Sedunia
","Find missions, groups, campaigns, or communities that you care about.","https://www.sedunia.me/search"
"","Match BETA","Sedunia Match
","Sharing our resources is one of the most effective ways to help one another.","https://www.sedunia.me/match"
"56113","COVID-19 Collectivefor Orang Asli","COVID-19 Collective for Orang Asli - Sedunia
","Orang Asli families helped","https://www.sedunia.me/oa-collective"
"How it works","Social Impact Matching (SIM) Grant","Penjana Sim Grant - Sedunia
","A  Initiative","https://www.sedunia.me/penjana-sim-grant"
"","","Sedunia
","Don't have an account yet?Sign up now","https://www.sedunia.me/signin"
"","","Sign up - Sedunia
","By signing up, you agree to our Terms of use and privacy policy.","https://www.sedunia.me/signup"
"How can we help?","","Help Center - Sedunia
","Impact made easy.","https://www.sedunia.me/help"
"Here we go...","","Terms - Sedunia
","","https://www.sedunia.me/terms-of-service"
"Privacy Policy","","Privacy Policy - Sedunia
","","https://www.sedunia.me/privacy-policy"
"MYR500.00","Build an EPIC Home on 27-29 March","Build an EPIC Home on 27-29 March - Missions - Sedunia
"," Scroll down for more tickets  ","https://www.sedunia.me/missions/build-an-epic-home-on-27-29-march"
"Mobilise & empower ordinary people to make extraordinary impact in communities","EPIC","EPIC - Groups - Sedunia
","{{ followerCountText }}  |  573 missions  |   9609 mission hours","https://www.sedunia.me/groups/epic"
"FREE","14 March Basic Builder Workshop ","14 March Basic Builder Workshop  - Missions - Sedunia
"," Scroll down for more tickets  ","https://www.sedunia.me/missions/14-march-basic-builder-workshop"
"MYR500.00","Build an EPIC Home on 27 February-1 March","Build an EPIC Home on 27 February-1 March - Missions - Sedunia
"," Scroll down for more tickets  ","https://www.sedunia.me/missions/build-an-epic-home-on-27-february-1-march"
"FREE","14 February Basic Builder Workshop ","14 February Basic Builder Workshop  - Missions - Sedunia
"," Scroll down for more tickets  ","https://www.sedunia.me/missions/14-february-basic-builder-workshop"
"FREE","8 February Basic Builder Workshop ","8 February Basic Builder Workshop  - Missions - Sedunia
"," Scroll down for more tickets  ","https://www.sedunia.me/missions/8-february-basic-builder-workshop"
"MYR500.00","Build an EPIC Home on 31 January-2 February","Build an EPIC Home on 31 January-2 February - Missions - Sedunia
"," Scroll down for more tickets  ","https://www.sedunia.me/missions/build-an-epic-home-on-31-jan-2-february"
"FREE","18 January Basic Builder Workshop ","18 January Basic Builder Workshop  - Missions - Sedunia
"," Scroll down for more tickets  ","https://www.sedunia.me/missions/18-january-basic-builder-workshop"
"FREE","10 January Basic Builder Workshop ","10 January Basic Builder Workshop  - Missions - Sedunia
"," Scroll down for more tickets  ","https://www.sedunia.me/missions/10-january-basic-builder-workshop"
"FREE","Build an EPIC Home on 3-5 January","Build an EPIC Home on 3-5 January - Missions - Sedunia
"," Scroll down for more tickets  ","https://www.sedunia.me/missions/build-an-epic-home-on-3-5-january-aug"
"FREE","2 January Basic Builder Workshop ","2 January Basic Builder Workshop  - Missions - Sedunia
"," Scroll down for more tickets  ","https://www.sedunia.me/missions/2-january-basic-builder-workshop-aug"
"MYR250.00","Build an EPIC Home on 25-27 December","Build an EPIC Home on 25-27 December - Missions - Sedunia
"," Scroll down for more tickets  ","https://www.sedunia.me/missions/build-an-epic-home-on-25-27-december-2025"
"FREE","20 December Basic Builder Workshop ","20 December Basic Builder Workshop  - Missions - Sedunia
"," Scroll down for more tickets  ","https://www.sedunia.me/missions/20-december-basic-builder-workshop"
"MYR250.00","Build an EPIC Home on 19-21 December","Build an EPIC Home on 19-21 December - Missions - Sedunia
"," Scroll down for more tickets  ","https://www.sedunia.me/missions/build-an-epic-home-on-19-21-dec-2025"
"FREE","Build an EPIC Home on 19-21 December","Build an EPIC Home on 19-21 December - Missions - Sedunia
"," Scroll down for more tickets  ","https://www.sedunia.me/missions/build-an-epic-home-on-19-21-dec-hartalega-december"
"MYR12.00","Pathfinders Mapping KOA Bukit Jenuk & Batu 28 Jenderam Hilir, Dengkil","Pathfinders Mapping KOA Bukit Jenuk & Batu 28 Jenderam Hilir, Dengkil - Missions - Sedunia
"," Scroll down for more tickets  ","https://www.sedunia.me/missions/pathfinders-mapping-dengkil-kampung"
"FREE","13 December Basic Builder Workshop ","13 December Basic Builder Workshop  - Missions - Sedunia
"," Scroll down for more tickets  ","https://www.sedunia.me/missions/13-december-basic-builder-workshop"
"MYR200.00","Build an EPIC Bamboo Home","Build an EPIC Bamboo Home - Missions - Sedunia
"," Scroll down for more tickets  ","https://www.sedunia.me/missions/build-an-epic-bamboo-home-ebh2-12-14-dec"
"FREE","Build EPIC Homes on 12 - 14 December ","Build EPIC Homes on 12 - 14 December  - Missions - Sedunia
"," Scroll down for more tickets  ","https://www.sedunia.me/missions/build-epic-homes-on-12-14-december"
"Mission Description","Volunteer To Celebrate on 6 Dec 25","Volunteer To Celebrate on 6 Dec 25 - Missions - Sedunia
","Max Tickets per Checkout:3","https://www.sedunia.me/missions/the-star-of-christmas-no-child-left-behind-charity-christmas-event-3"
"","Saravanan Nagapan","Saravanan Nagapan's Profile - Sedunia
","","https://www.sedunia.me/users/saravanan-nagapan"
"MYR12.00","Pathfinders Mapping Kampung Orang Asli Sg Rasau Hilir, Puchong","Pathfinders Mapping Kampung Orang Asli Sg Rasau Hilir, Puchong - Missions - Sedunia
"," Scroll down for more tickets  ","https://www.sedunia.me/missions/pathfinder-mapping-kampung-orang-asli-rasau-hilir-puchong"
"MYR250.00","Build an EPIC Home on 5-7 December","Build an EPIC Home on 5-7 December - Missions - Sedunia
"," Scroll down for more tickets  ","https://www.sedunia.me/missions/build-an-epic-home-on-5-7-december-2025"
"Charities","Hati.my is Malaysia’s largest open directory of NGOs and social organisations.",""," OUR MAILING LIST","https://www.hati.my/"
"What is Hati.my?","","","About Hati","https://www.hati.my/about/"
"","","","Organisations","https://www.hati.my/organisations/"
"","","","Register an Organisation","https://www.hati.my/register/"
"Charities","","","Charities/NGOs","https://www.hati.my/charities-ngos/"
"Be a Donor","","","Individual Donor/Volunteer","https://www.hati.my/donors-volunteers/"
"Get In touch with us","","","Contact","https://www.hati.my/contact/"
"Locations","","Copy link","
						Back to School Kit Project 2025 (Completed)		","https://www.hati.my/program/back-to-school-kit-project-2025/"
"Background:","","","
						Elderly Foodpack Project		","https://www.hati.my/program/elderly-foodpack-project/"
"Targeted community","","Copy link","
						Back To School Kit Project 2023		","https://www.hati.my/program/back-to-school-kit-project-2023/"
"Targeted community","","Copy link","
						White Cane Donation Project		","https://www.hati.my/program/white-cane-donation-project/"
"","","","","https://www.hati.my/privacy-policy"
"","","","Donations to Hati.my, (Touching Hearts Welfare Society, Kuala Lumpur and Selangor (Persatuan Kebajikan Menyentuh Hati, Kuala Lumpur dan Selangor) (PPM-020-14-27012012)) are NON-REFUNDABLE","https://www.hati.my/refund-policy/"
"","Opportunities anywhere","Volunteer in your community | MAD For Good","How do we work with Corporate Businesses?","https://platform.madforgood.org/volunteer/all/opportunities?search_radius=50#bypass-nav"
"MAD For Good connects resources to drive deep, exponential impact.","Here's How We Can Serve You!","Home | MAD For Good","How do we work with Corporate Businesses?","https://platform.madforgood.org/#bypass-nav"
"","Step 1. Create a personal account","Join MAD For Good | MAD For Good","This account will be linked to your organisation, you can change this later.","https://platform.madforgood.org/create-organization"
"","Organisations anywhere","Discover organisations in your city | MAD For Good","How do we work with Corporate Businesses?","https://platform.madforgood.org/volunteer/organizations"
"What you need to know about the SDGs","17 goals that make the world a better place","SDG | MAD For Good","How do we work with Corporate Businesses?","https://platform.madforgood.org/sdg"
"","Organisations anywhere","Discover organisations in your city | MAD For Good","How do we work with Corporate Businesses?","https://platform.madforgood.org/volunteer/all/organizations"
"","Step 1. Create a personal account","Join MAD For Good | MAD For Good","This account will be linked to your organisation, you can change this later.","https://platform.madforgood.org/register?next=%2Fcreate-organization"
"Scope","Content Policy ","MAD For Good","How do we work with Corporate Businesses?","https://platform.madforgood.org/content-policy"
"","Privacy Policy","MAD For Good","How do we work with Corporate Businesses?","https://platform.madforgood.org/privacy"
"1. APPLICATION OF THESE DEEDMOB TERMS OF USE","Terms and Conditions","MAD For Good","How do we work with Corporate Businesses?","https://platform.madforgood.org/terms"
"MAD For Good connects resources to drive deep, exponential impact.","Here's How We Can Serve You!","Home | MAD For Good","How do we work with Corporate Businesses?","https://platform.madforgood.org/index#bypass-nav"
"","Organisations anywhere","Discover organisations in your city | MAD For Good","How do we work with Corporate Businesses?","https://platform.madforgood.org/volunteer/organizations#bypass-nav"
"About Acumen Malaysia (TEST)","Acumen Malaysia (TEST)","Acumen Malaysia (TEST) | MAD For Good","How do we work with Corporate Businesses?","https://platform.madforgood.org/o/Acumen-Malaysia"
"About AFS Malaysia","AFS Malaysia","AFS Malaysia | MAD For Good","How do we work with Corporate Businesses?","https://platform.madforgood.org/o/AFSMalaysia"
"About Agathians Shelter","Agathians Shelter","Agathians Shelter | MAD For Good","How do we work with Corporate Businesses?","https://platform.madforgood.org/o/Agathians-Shelter"
"About AjarLokal Malaysia","AjarLokal Malaysia","AjarLokal Malaysia | MAD For Good","How do we work with Corporate Businesses?","https://platform.madforgood.org/o/AjarLokal-Malaysia"
"About Akar Umbi Society","Akar Umbi Society","Akar Umbi Society | MAD For Good","How do we work with Corporate Businesses?","https://platform.madforgood.org/o/Akar-Umbi-Society"
"About All Women's Action Society (AWAM)","All Women's Action Society (AWAM)","All Women's Action Society (AWAM) | MAD For Good","How do we work with Corporate Businesses?","https://platform.madforgood.org/o/All-Womens-Action-Society-AWAM"
"About ASEAN Chapter of ICAP Members","ASEAN Chapter of ICAP Members","ASEAN Chapter of ICAP Members | MAD For Good","How do we work with Corporate Businesses?","https://platform.madforgood.org/o/ASEAN-Chapter-of-ICAP-Members"
"About Asia Community Service (ACS)","Asia Community Service (ACS)","Asia Community Service (ACS) | MAD For Good","How do we work with Corporate Businesses?","https://platform.madforgood.org/o/Asia-Community-Service-ACS"
"About Autism Cafe Project Malaysia","Autism Cafe Project Malaysia","Autism Cafe Project Malaysia | MAD For Good","How do we work with Corporate Businesses?","https://platform.madforgood.org/o/Autism-Cafe-Project-Malaysia"
"About Bake With Dignity","Bake With Dignity","Bake With Dignity | MAD For Good","How do we work with Corporate Businesses?","https://platform.madforgood.org/o/Dignity-and-Services-Bake-With-Dignity"
"About BERJAYA University College","BERJAYA University College","BERJAYA University College | MAD For Good","How do we work with Corporate Businesses?","https://platform.madforgood.org/o/BERJAYA-University-College"
"About Biji-Biji Initiative","Biji-Biji Initiative","Biji-Biji Initiative | MAD For Good","How do we work with Corporate Businesses?","https://platform.madforgood.org/o/Biji-Biji-Initiative"
"About BLACK Tribe 2023","BLACK Tribe 2023","BLACK Tribe 2023 | MAD For Good","How do we work with Corporate Businesses?","https://platform.madforgood.org/o/leaderonomicsofficial-BLACK-Tribe-2023"
"About BLUE Tribe 2023","BLUE Tribe 2023","BLUE Tribe 2023 | MAD For Good","How do we work with Corporate Businesses?","https://platform.madforgood.org/o/leaderonomicsofficial-BLUE-Tribe"
"About Bukit Lawang Trust","Bukit Lawang Trust","Bukit Lawang Trust | MAD For Good","How do we work with Corporate Businesses?","https://platform.madforgood.org/o/Bukit-Lawang-Trust"
"About Buku Jalanan Chow Kit","Buku Jalanan Chow Kit","Buku Jalanan Chow Kit | MAD For Good","How do we work with Corporate Businesses?","https://platform.madforgood.org/o/Buku-Jalanan-Chow-Kit"
"About CADS Enhancement Centre","CADS Enhancement Centre","CADS Enhancement Centre | MAD For Good","How do we work with Corporate Businesses?","https://platform.madforgood.org/o/CADS-Enhancement-Centre"
"About Centre for Orang Asli Concerns","Centre for Orang Asli Concerns","Centre for Orang Asli Concerns | MAD For Good","How do we work with Corporate Businesses?","https://platform.madforgood.org/o/Centre-for-Orang-Asli-Concerns"
"Hop in and get upskilled!","MAD Academy","Academy | MAD For Good","How do we work with Corporate Businesses?","https://platform.madforgood.org/academy#bypass-nav"
"Volunteer for Events","Attend Events","Events | MAD For Good","How do we work with Corporate Businesses?","https://platform.madforgood.org/events#bypass-nav"
"""It is our business to do good. It's not just about branding or commercial value.""","Enabling Businesses & Corporate Organisations","For Businesses | MAD For Good","How do we work with Corporate Businesses?","https://platform.madforgood.org/for-businesses#bypass-nav"
"Did You Know? 63% of NGOs cannot survive longer than 6 months without additional funding.","Serving Communities","For Communities | MAD For Good","How do we work with Corporate Businesses?","https://platform.madforgood.org/for-communities#bypass-nav"
"✨For Volunteers✨","The Volunteer Pool","Volunteer Pool - Sign up! | MAD For Good","How do we work with Corporate Businesses?","https://platform.madforgood.org/volunteer-pool#bypass-nav"
"","Join MAD For Good","Join MAD For Good | MAD For Good","This site is protected by reCAPTCHA and the Google Privacy Policy and Terms of Service apply.","https://platform.madforgood.org/register?next=%2F%3FvolunteerOnboard%3Dtrue%26volunteerOnboardRegister%3Dtrue"
"","Opportunities anywhere","Volunteer in your community | MAD For Good","How do we work with Corporate Businesses?","https://platform.madforgood.org/volunteer/opportunities"
"","Login","Login | MAD For Good","Or","https://platform.madforgood.org/users/volunteer-bank"
"How did we begin?","Our History","Our Story | MAD For Good","How do we work with Corporate Businesses?","https://platform.madforgood.org/our-story#bypass-nav"
"Insaf Malaysia","English Teacher","English Teacher | MAD For Good","How do we work with Corporate Businesses?","https://platform.madforgood.org/o/insafmalaysia/opportunities/English-Teacher/103538#bypass-nav"
"Insaf Malaysia","English Teacher","English Teacher | MAD For Good","How do we work with Corporate Businesses?","https://platform.madforgood.org/o/insafmalaysia/opportunities/English-Teacher/103538#bypass-sidebar"
"Opportunities","Insaf Malaysia","Insaf Malaysia | MAD For Good","How do we work with Corporate Businesses?","https://platform.madforgood.org/o/insafmalaysia/opportunities"
"Photos","Insaf Malaysia","Insaf Malaysia | MAD For Good","How do we work with Corporate Businesses?","https://platform.madforgood.org/o/insafmalaysia/albums"
"","Login","Login | MAD For Good","Or","https://platform.madforgood.org/messages/new?toUsers=3171259&subject=Question+related+to+volunteering+opportunity+%22English+Teacher%22&message=Link%3A+https%3A%2F%2Fplatform.madforgood.org%2Fo%2Finsafmalaysia%2Fopportunities%2FEnglish-Teacher%2F103538%0A%0A"
"","Opportunities anywhere","Volunteer in Kuala Lumpur | MAD For Good","How do we work with Corporate Businesses?","https://platform.madforgood.org/volunteer/Kuala+Lumpur/opportunities"
"About Insaf Malaysia","Insaf Malaysia","Insaf Malaysia | MAD For Good","How do we work with Corporate Businesses?","https://platform.madforgood.org/o/insafmalaysia#bypass-nav"
"About Insaf Malaysia","Insaf Malaysia","Insaf Malaysia | MAD For Good","How do we work with Corporate Businesses?","https://platform.madforgood.org/o/insafmalaysia#bypass-sidebar"
"Join us!","Hello from the team!","Our Team | MAD For Good","How do we work with Corporate Businesses?","https://platform.madforgood.org/our-team#bypass-nav"
"Visit the MAD For Good blogs","Blog Posts","MAD For Good","How do we work with Corporate Businesses?","https://platform.madforgood.org/blog#bypass-nav"
"","Kindness Matters. And, It's Good For Your Brain","Kindness Matters. And, It's Good For Your Brain | MAD For Good","How do we work with Corporate Businesses?","https://platform.madforgood.org/blog/kindness-matters-and-its-good-for-your-brain"
"Visit the MAD For Good blogs","For Communities","MAD For Good","How do we work with Corporate Businesses?","https://platform.madforgood.org/blog/s/for-communities"
"","Kindness Is Crucial","Kindness Is Crucial | MAD For Good","How do we work with Corporate Businesses?","https://platform.madforgood.org/blog/kindness-is-crucial"
"Visit the MAD For Good blogs","For Myself","MAD For Good","How do we work with Corporate Businesses?","https://platform.madforgood.org/blog/s/for-individuals"
"","Like Butter, Kindness Too Can Be Spread","Like Butter, Kindness Too Can Be Spread | MAD For Good","How do we work with Corporate Businesses?","https://platform.madforgood.org/blog/like-butter-kindness-too-can-be-spread"
"","Don’t Think Acts Of Kindness Really Matter?","Don’t Think Acts Of Kindness Really Matter? | MAD For Good","How do we work with Corporate Businesses?","https://platform.madforgood.org/blog/dont-think-acts-of-kindness-really-matter"
"Visit the MAD For Good blogs","For Businesses","MAD For Good","How do we work with Corporate Businesses?","https://platform.madforgood.org/blog/s/for-businesses"
"","Doing Good Differently: Changing The Way We Do CSR By Creating Shared Value","Doing Good Differently: Changing The Way We Do CSR By Creating Shared Value | MAD For Good","How do we work with Corporate Businesses?","https://platform.madforgood.org/blog/doing-good-differently-changing-the-way-we-do-csr-by-creating-shared-value"
"","How Doing Well By Doing Good Is Good Business","How Doing Well By Doing Good Is Good Business | MAD For Good","How do we work with Corporate Businesses?","https://platform.madforgood.org/blog/how-doing-well-by-doing-good-is-good-business"
"","Leadership In Volunteering","Leadership In Volunteering | MAD For Good","How do we work with Corporate Businesses?","https://platform.madforgood.org/blog/leadership-in-volunteering"
"","Volunteerism Can Help To Alleviate Your Stress And Depression","Volunteerism Can Help To Alleviate Your Stress And Depression | MAD For Good","How do we work with Corporate Businesses?","https://platform.madforgood.org/blog/volunteerism-can-help-to-alleviate-your-stress-and-depression"
"","Volunteer To Get Ahead","Volunteer To Get Ahead | MAD For Good","How do we work with Corporate Businesses?","https://platform.madforgood.org/blog/volunteer-to-get-ahead"
"Follow our socials for more @madforgood_org","Do Good, Feel Good!","Social Feed | MAD For Good","How do we work with Corporate Businesses?","https://platform.madforgood.org/social-feed#bypass-nav"
"","Forgot your password?","Forgot your password? | MAD For Good","How do we work with Corporate Businesses?","https://platform.madforgood.org/forgot-password"
"Environmental and Social Responsibilities (ESR)","Echoes of Hope, Melodies of Peace Musical Night 2025 Committee","Echoes of Hope, Melodies of Peace Musical Night 2025 Committee | MAD For Good","How do we work with Corporate Businesses?","https://platform.madforgood.org/o/UCSI-University-ESR/opportunities/Echoes-of-Hope-Melodies-of-Peace-Musical-Night-2025-Committee/106652#bypass-nav"
"About Environmental and Social Responsibilities (ESR)","Environmental and Social Responsibilities (ESR)","Environmental and Social Responsibilities (ESR) | MAD For Good","How do we work with Corporate Businesses?","https://platform.madforgood.org/o/UCSI-University-ESR#bypass-nav"
"About Environmental and Social Responsibilities (ESR)","Environmental and Social Responsibilities (ESR)","Environmental and Social Responsibilities (ESR) | MAD For Good","How do we work with Corporate Businesses?","https://platform.madforgood.org/o/UCSI-University-ESR#bypass-sidebar"
"About UCSI University","UCSI University","UCSI University | MAD For Good","How do we work with Corporate Businesses?","https://platform.madforgood.org/o/UCSI-University"
"Opportunities","Environmental and Social Responsibilities (ESR)","Environmental and Social Responsibilities (ESR) | MAD For Good","How do we work with Corporate Businesses?","https://platform.madforgood.org/o/UCSI-University-ESR/opportunities"
"","Environmental and Social Responsibilities (ESR)","Environmental and Social Responsibilities (ESR) | MAD For Good","How do we work with Corporate Businesses?","https://platform.madforgood.org/o/UCSI-University-ESR/teams"
"Photos","Environmental and Social Responsibilities (ESR)","Environmental and Social Responsibilities (ESR) | MAD For Good","How do we work with Corporate Businesses?","https://platform.madforgood.org/o/UCSI-University-ESR/albums"
"Environmental and Social Responsibilities (ESR)","YBB x North Youth Changemaker Workshop","YBB x North Youth Changemaker Workshop | MAD For Good","How do we work with Corporate Businesses?","https://platform.madforgood.org/o/UCSI-University-ESR/opportunities/YBB-x-North-Youth-Changemaker-Workshop/107110#bypass-nav"
"Environmental and Social Responsibilities (ESR)","YBB x North Youth Changemaker Workshop","YBB x North Youth Changemaker Workshop | MAD For Good","How do we work with Corporate Businesses?","https://platform.madforgood.org/o/UCSI-University-ESR/opportunities/YBB-x-North-Youth-Changemaker-Workshop/107110#bypass-sidebar"
"","Login","Login | MAD For Good","Or","https://platform.madforgood.org/messages/new?toUsers=3170962&subject=Question+related+to+community+event+%22YBB+x+North+Youth+Changemaker+Workshop%22&message=Link%3A+https%3A%2F%2Fplatform.madforgood.org%2Fo%2FUCSI-University-ESR%2Fopportunities%2FYBB-x-North-Youth-Changemaker-Workshop%2F107110%0A%0A"
"","Opportunities in Simpang Ampat","Volunteer in Simpang Ampat | MAD For Good","How do we work with Corporate Businesses?","https://platform.madforgood.org/volunteer/Simpang+Ampat/opportunities"
"Teach For Malaysia","ERTI Volunteer Tutor PPR Taman Medan Cahaya (January - April)","ERTI Volunteer Tutor PPR Taman Medan Cahaya (January - April) | MAD For Good","How do we work with Corporate Businesses?","https://platform.madforgood.org/o/Teach-For-Malaysia/opportunities/ERTI-Volunteer-Tutor-PPR-Taman-Medan-Cahaya-January---April/106478#bypass-nav"
"Teach For Malaysia","ERTI Volunteer Tutor PPR Taman Medan Cahaya (January - April)","ERTI Volunteer Tutor PPR Taman Medan Cahaya (January - April) | MAD For Good","How do we work with Corporate Businesses?","https://platform.madforgood.org/o/Teach-For-Malaysia/opportunities/ERTI-Volunteer-Tutor-PPR-Taman-Medan-Cahaya-January---April/106478#bypass-sidebar"
"Opportunities","Teach For Malaysia","Teach For Malaysia | MAD For Good","How do we work with Corporate Businesses?","https://platform.madforgood.org/o/Teach-For-Malaysia/opportunities"
"Teach For Malaysia","","Teach For Malaysia | MAD For Good","How do we work with Corporate Businesses?","https://platform.madforgood.org/o/Teach-For-Malaysia/members/all"
"","Teach For Malaysia","Teach For Malaysia | MAD For Good","How do we work with Corporate Businesses?","https://platform.madforgood.org/o/Teach-For-Malaysia/teams"
"Photos","Teach For Malaysia","Teach For Malaysia | MAD For Good","How do we work with Corporate Businesses?","https://platform.madforgood.org/o/Teach-For-Malaysia/albums"
"","Login","Login | MAD For Good","Or","https://platform.madforgood.org/messages/new?toUsers=3173212&subject=Question+related+to+volunteering+opportunity+%22ERTI+Volunteer+Tutor+PPR+Taman+Medan+Cahaya+%28January+-+April%29%22&message=Link%3A+https%3A%2F%2Fplatform.madforgood.org%2Fo%2FTeach-For-Malaysia%2Fopportunities%2FERTI-Volunteer-Tutor-PPR-Taman-Medan-Cahaya-January---April%2F106478%0A%0A"
"","Opportunities in Petaling Jaya","Volunteer in Petaling Jaya | MAD For Good","How do we work with Corporate Businesses?","https://platform.madforgood.org/volunteer/Petaling+Jaya/opportunities"
"About Teach For Malaysia","Teach For Malaysia","Teach For Malaysia | MAD For Good","How do we work with Corporate Businesses?","https://platform.madforgood.org/o/Teach-For-Malaysia#bypass-nav"
"About Teach For Malaysia","Teach For Malaysia","Teach For Malaysia | MAD For Good","How do we work with Corporate Businesses?","https://platform.madforgood.org/o/Teach-For-Malaysia#bypass-sidebar"
"Teach For Malaysia","ERTI Volunteer Tutor PPR Desa Rejang (January - April)","ERTI Volunteer Tutor PPR Desa Rejang (January - April) | MAD For Good","How do we work with Corporate Businesses?","https://platform.madforgood.org/o/Teach-For-Malaysia/opportunities/ERTI-Volunteer-Tutor-PPR-Desa-Rejang-January---April/106479#bypass-nav"
"Teach For Malaysia","ERTI Volunteer Tutor PPR Desa Rejang (January - April)","ERTI Volunteer Tutor PPR Desa Rejang (January - April) | MAD For Good","How do we work with Corporate Businesses?","https://platform.madforgood.org/o/Teach-For-Malaysia/opportunities/ERTI-Volunteer-Tutor-PPR-Desa-Rejang-January---April/106479#bypass-sidebar"
"","Login","Login | MAD For Good","Or","https://platform.madforgood.org/messages/new?toUsers=3173212&subject=Question+related+to+volunteering+opportunity+%22ERTI+Volunteer+Tutor+PPR+Desa+Rejang+%28January+-+April%29%22&message=Link%3A+https%3A%2F%2Fplatform.madforgood.org%2Fo%2FTeach-For-Malaysia%2Fopportunities%2FERTI-Volunteer-Tutor-PPR-Desa-Rejang-January---April%2F106479%0A%0A"
"SUKA Society","Weekly Activity Session with Children Survivors of Human-trafficking","Weekly Activity Session with Children Survivors of Human-trafficking | MAD For Good","How do we work with Corporate Businesses?","https://platform.madforgood.org/o/SUKA-Society/opportunities/Weekly-Activity-Session-with-Children-Survivors-of-Human-trafficking/88694#bypass-nav"
"SUKA Society","Weekly Activity Session with Children Survivors of Human-trafficking","Weekly Activity Session with Children Survivors of Human-trafficking | MAD For Good","How do we work with Corporate Businesses?","https://platform.madforgood.org/o/SUKA-Society/opportunities/Weekly-Activity-Session-with-Children-Survivors-of-Human-trafficking/88694#bypass-sidebar"
"Opportunities","SUKA Society","SUKA Society | MAD For Good","How do we work with Corporate Businesses?","https://platform.madforgood.org/o/SUKA-Society/opportunities"
"Photos","SUKA Society","SUKA Society | MAD For Good","How do we work with Corporate Businesses?","https://platform.madforgood.org/o/SUKA-Society/albums"
"","Login","Login | MAD For Good","Or","https://platform.madforgood.org/messages/new?toUsers=3169774&subject=Question+related+to+volunteering+opportunity+%22Weekly+Activity+Session+with+Children+Survivors+of+Human-trafficking%22&message=Link%3A+https%3A%2F%2Fplatform.madforgood.org%2Fo%2FSUKA-Society%2Fopportunities%2FWeekly-Activity-Session-with-Children-Survivors-of-Human-trafficking%2F88694%0A%0A"
"","Opportunities in Johor Bahru","Volunteer in Johor Bahru | MAD For Good","How do we work with Corporate Businesses?","https://platform.madforgood.org/volunteer/Johor+Bahru/opportunities"
"About SUKA Society","SUKA Society","SUKA Society | MAD For Good","How do we work with Corporate Businesses?","https://platform.madforgood.org/o/SUKA-Society#bypass-nav"
"About SUKA Society","SUKA Society","SUKA Society | MAD For Good","How do we work with Corporate Businesses?","https://platform.madforgood.org/o/SUKA-Society#bypass-sidebar"
"SUKA Society","Children's Education Programme Volunteer","Children's Education Programme Volunteer | MAD For Good","How do we work with Corporate Businesses?","https://platform.madforgood.org/o/SUKA-Society/opportunities/Childrens-Education-Programme-Volunteer/85956#bypass-nav"
"SUKA Society","Children's Education Programme Volunteer","Children's Education Programme Volunteer | MAD For Good","How do we work with Corporate Businesses?","https://platform.madforgood.org/o/SUKA-Society/opportunities/Childrens-Education-Programme-Volunteer/85956#bypass-sidebar"
"","Login","Login | MAD For Good","Or","https://platform.madforgood.org/messages/new?toUsers=3169774&subject=Question+related+to+volunteering+opportunity+%22Children%27s+Education+Programme+Volunteer%22&message=Link%3A+https%3A%2F%2Fplatform.madforgood.org%2Fo%2FSUKA-Society%2Fopportunities%2FChildrens-Education-Programme-Volunteer%2F85956%0A%0A"
"","Opportunities in Nilai","Volunteer in Nilai | MAD For Good","How do we work with Corporate Businesses?","https://platform.madforgood.org/volunteer/Nilai/opportunities"
"4,334,945","Impact made easy.","Sedunia, Impact made easy
","Donate, volunteer and support the people and causes you care about.","https://www.sedunia.me/#get-started"
"","Organizing different events in order to fundraise ","Organizing different events in order to fundraise  - Fundraising Campaigns - Sedunia
","for GIS Cultivate EPIC Homes Build for an Orang Asli Family    BOOST","https://www.sedunia.me/campaigns/organizing-different-events-in-order-to-fundraise"
"","GIS Cultivate EPIC Homes Build for an Orang Asli Family","GIS Cultivate EPIC Homes Build for an Orang Asli Family - Fundraising Campaigns - Sedunia
","GIS Cultivate is fundraising to build a home for an Orang Asli family in Malaysia.
				 Poverty Alleviation Housing & Infrastructure Partnerships Children & Youth Health & Wellbeing","https://www.sedunia.me/campaigns/gis-cultivate-epic-homes-build-for-an-orang-asli-family"
"","Kashvi  Agarwal","Kashvi  Agarwal's Profile - Sedunia
","","https://www.sedunia.me/users/kashvi-agarwal"
"","Mengumpul dana untuk bina gelanggang futsal di Kampung Orang Asli Sungai Buloh","Mengumpul dana untuk bina gelanggang futsal di Kampung Orang Asli Sungai Buloh - Fundraising Campaigns - Sedunia
","Kami sedang mencari dana untuk bina sebuah gelanggang futsal di Kampung Orang Asli Sg Buloh
				 Housing & Infrastructure Health & Wellbeing Children & Youth","https://www.sedunia.me/campaigns/mengumpul-dana-untuk-bina-gelanggang-futsal-di-kampung-orang-asli-sungai-buloh"
"","Hayyu Mohd","Hayyu Mohd's Profile - Sedunia
","","https://www.sedunia.me/users/hayyu-sayyidah"
"","Help me bridge the education gap for refugee youth.","Help me bridge the education gap for refugee youth. - Fundraising Campaigns - Sedunia
","for Send a Refugee Youth in Malaysia to University    BOOST","https://www.sedunia.me/campaigns/help-me-bridge-the-education-gap-for-refugee-youth"
"","Send a Refugee Youth in Malaysia to University","Send a Refugee Youth in Malaysia to University - Fundraising Campaigns - Sedunia
","Fund Scholarships to Bridge the 1.5% Gap and Empower Refugee Youth for a Dignified Future.
				 Justice & Equality Education Children & Youth","https://www.sedunia.me/campaigns/send-a-refugee-youth-in-malaysia-to-university"
"","Naili Karimah","Naili Karimah's Profile - Sedunia
","","https://www.sedunia.me/users/fisunai"
"FREE","6 December Basic Builder Workshop + Basic Bamboo Workshop","6 December Basic Builder Workshop + Basic Bamboo Workshop - Missions - Sedunia
"," Scroll down for more tickets  ","https://www.sedunia.me/missions/6-december-basic-builder-workshop-1"
"Connecting People With Nature","Fuze Ecoteer Outdoor Adventures","Fuze Ecoteer Outdoor Adventures - Groups - Sedunia
","1 follower  |  1 missions  |   30 mission hours","https://www.sedunia.me/groups/fuze-ecoteer"
"Empowering The Streets","Street Feeders of KL","Street Feeders of KL - Groups - Sedunia
","1638 followers  |  45 missions  |   97 mission hours","https://www.sedunia.me/groups/streetfeederskl"
"Uniting Malaysians for Children","UNICEF Malaysia","UNICEF Malaysia - Groups - Sedunia
","{{ followerCountText }}  |  6 missions  |   50.8 mission hours","https://www.sedunia.me/groups/unicefmy"
"Jom Play!","Toy Libraries Malaysia","Toy Libraries Malaysia - Groups - Sedunia
","5 followers  |  3 missions  |   153 mission hours","https://www.sedunia.me/groups/http-www-toylibrar"
"","Jia Hui Ung","Jia Hui Ung's Profile - Sedunia
","","https://www.sedunia.me/users/jia-hui-ung"
"","Adrian Yeo","Adrian Yeo's Profile - Sedunia
","","https://www.sedunia.me/users/adrian-yeo"
"","Giovanna Pang","Giovanna Pang's Profile - Sedunia
","","https://www.sedunia.me/users/giovanna-pang"
"","Izati Samsudin","Izati Samsudin's Profile - Sedunia
","","https://www.sedunia.me/users/izati-samsudin"
"","Arianna Low","Arianna Low's Profile - Sedunia
","","https://www.sedunia.me/users/arianna-low"
"","Frankie Ng","Frankie Ng's Profile - Sedunia
","","https://www.sedunia.me/users/frankie-ng"
"","Idris Azim","Idris Azim's Profile - Sedunia
","","https://www.sedunia.me/users/idris-azim"
"","Khuhan Palani","Khuhan Palani's Profile - Sedunia
","","https://www.sedunia.me/users/khuhan-palani"
"","Will Chong ","Will Chong 's Profile - Sedunia
","","https://www.sedunia.me/users/will-chong"
"","Nisa Aziz","Nisa Aziz's Profile - Sedunia
","","https://www.sedunia.me/users/nisa-aziz"
"Connect in groups","","Groups - Sedunia
","We are currently curating our missions and would love to help you set up your group together.","https://www.sedunia.me/groups?page=66"
"Connect in groups","","Groups - Sedunia
","We are currently curating our missions and would love to help you set up your group together.","https://www.sedunia.me/groups?page=67"
"Relief, Restart and Rebuild","4x4 Relief Malaysia","4x4 Relief Malaysia - Groups - Sedunia
","141 followers  |  10 missions  |   328 mission hours","https://www.sedunia.me/groups/4x4reliefmalaysia"
"Academic Content Writer Services Provider","Affordable Dissertation UK","Affordable Dissertation UK - Groups - Sedunia
","0 followers  |  0 missions  |   0 mission hours","https://www.sedunia.me/groups/affordabledissertat"
"Best ai tools for productivity ","Aibucket","Aibucket - Groups - Sedunia
","0 followers  |  0 missions  |   0 mission hours","https://www.sedunia.me/groups/aibucket-1"
"","AIESEC in HELP","AIESEC in HELP - Groups - Sedunia
","{{ followerCountText }}  |  0 missions  |   0 mission hours","https://www.sedunia.me/groups/aiesecinhelp"
"ACTIVATE YOUTH LEADERSHIP | AIESEC IN JOHOR BAHRU","AIESEC in Johor Bahru","AIESEC in Johor Bahru - Groups - Sedunia
","0 followers  |  0 missions  |   0 mission hours","https://www.sedunia.me/groups/aiesecinjohorbahru"
"Empower youth in Kedah Perlis to develop them through purposeful experiences","AIESEC in Kedah-Perlis","AIESEC in Kedah-Perlis - Groups - Sedunia
","{{ followerCountText }}  |  0 missions  |   0 mission hours","https://www.sedunia.me/groups/aiesecinkedahperlis"
"We place our confidence in youth as the key to unlock a better future","AIESEC in Kuching","AIESEC in Kuching - Groups - Sedunia
","1 follower  |  0 missions  |   0 mission hours","https://www.sedunia.me/groups/akuching"
"","AIESEC in Penang","AIESEC in Penang - Groups - Sedunia
","0 followers  |  0 missions  |   0 mission hours","https://www.sedunia.me/groups/myapen"
"","AIESEC in UKM","AIESEC in UKM - Groups - Sedunia
","0 followers  |  0 missions  |   0 mission hours","https://www.sedunia.me/groups/aiesecinukm"
"","AIESEC In UM","AIESEC In UM - Groups - Sedunia
","0 followers  |  0 missions  |   0 mission hours","https://www.sedunia.me/groups/sedunia-me-aiesecum"
"We place our confidence in youth as the key to unlock a better future.","AIESEC in UNMC","AIESEC in UNMC - Groups - Sedunia
","{{ followerCountText }}  |  0 missions  |   0 mission hours","https://www.sedunia.me/groups/aiesecinunmc"
"We empower youth to be able to create change, through leadership development","AIESEC in UPM","AIESEC in UPM - Groups - Sedunia
","5 followers  |  0 missions  |   0 mission hours","https://www.sedunia.me/groups/aiesecinupm"
"","AIESEC IN UTAR","AIESEC IN UTAR - Groups - Sedunia
","1 follower  |  0 missions  |   0 mission hours","https://www.sedunia.me/groups/autarstrive"
"","AJAR Society","AJAR Society - Groups - Sedunia
","1 follower  |  0 missions  |   0 mission hours","https://www.sedunia.me/groups/ajarsociety"
"","Akh Safety","Akh Safety - Groups - Sedunia
","0 followers  |  0 missions  |   0 mission hours","https://www.sedunia.me/groups/akh-safety-1"
"Al Faisal Mandi | Halal Mandi & Italian Cuisine in Sydney","Al Faisal Mandi","Al Faisal Mandi - Groups - Sedunia
","0 followers  |  0 missions  |   0 mission hours","https://www.sedunia.me/groups/alfaisalmandi"
"Online Quran Classes For Kids & Adult","Al Quran Lesson","Al Quran Lesson - Groups - Sedunia
","0 followers  |  0 missions  |   0 mission hours","https://www.sedunia.me/groups/al-quran-lesson-1"
"Best Essay Writing Service in UK - Write My Essay UK","alex gilbert","alex gilbert - Groups - Sedunia
","0 followers  |  0 missions  |   0 mission hours","https://www.sedunia.me/groups/writemyessayuk"
"Connect in groups","","Groups - Sedunia
","We are currently curating our missions and would love to help you set up your group together.","https://www.sedunia.me/groups?page=2"
"Connect in groups","","Groups - Sedunia
","We are currently curating our missions and would love to help you set up your group together.","https://www.sedunia.me/groups?page=3"
"Connect in groups","","Groups - Sedunia
","We are currently curating our missions and would love to help you set up your group together.","https://www.sedunia.me/groups?page=4"
"Connect in groups","","Groups - Sedunia
","We are currently curating our missions and would love to help you set up your group together.","https://www.sedunia.me/groups?page=5"
"Connect in groups","","Groups - Sedunia
","We are currently curating our missions and would love to help you set up your group together.","https://www.sedunia.me/groups?page=6"
"Connect in groups","","Groups - Sedunia
","We are currently curating our missions and would love to help you set up your group together.","https://www.sedunia.me/groups?page=7"
"Connect in groups","","Groups - Sedunia
","We are currently curating our missions and would love to help you set up your group together.","https://www.sedunia.me/groups?page=8"
"Grow a Community together","","Communities - Sedunia
","Share resources for the places and people we care about.","https://www.sedunia.me/communities#collapseMap"
"","","Sedunia
","Don't have an account yet?Sign up now","https://www.sedunia.me/communities/create"
"Grow a Community together","","Communities - Sedunia
","Share resources for the places and people we care about.","https://www.sedunia.me/communities#collapseFilters"
"Add a Wishlist Item","Settlers of Catan","Settlers of Catan - Communities - Sedunia
","We are committed to bringing quality experience to you.Please email us at info@sedunia.me if you are interested in joining the closed-beta program and be the first batch to try out this feature. Stay tuned!","https://www.sedunia.me/communities/settlers-of-catan"
"Add a Wishlist Item","Kg Sungai Kecil Temir","Kg Sungai Kecil Temir - Communities - Sedunia
","We are committed to bringing quality experience to you.Please email us at info@sedunia.me if you are interested in joining the closed-beta program and be the first batch to try out this feature. Stay tuned!","https://www.sedunia.me/communities/kg-sungai-kecil-temir"
"","Dominic Tham","Dominic Tham's Profile - Sedunia
","","https://www.sedunia.me/users/dominic-tham-1"
"Add a Wishlist Item","Kg Orang Asli Chenein","Kg Orang Asli Chenein - Communities - Sedunia
","We are committed to bringing quality experience to you.Please email us at info@sedunia.me if you are interested in joining the closed-beta program and be the first batch to try out this feature. Stay tuned!","https://www.sedunia.me/communities/kg-orang-asli-chenein-1"
"Add a Wishlist Item","Kg Sungai Tompesel","Kg Sungai Tompesel - Communities - Sedunia
","We are committed to bringing quality experience to you.Please email us at info@sedunia.me if you are interested in joining the closed-beta program and be the first batch to try out this feature. Stay tuned!","https://www.sedunia.me/communities/kg-sungai-tompesel"
"Add a Wishlist Item","Kg Orang Asli Lanai, Pos Lanai","Kg Orang Asli Lanai, Pos Lanai - Communities - Sedunia
","We are committed to bringing quality experience to you.Please email us at info@sedunia.me if you are interested in joining the closed-beta program and be the first batch to try out this feature. Stay tuned!","https://www.sedunia.me/communities/kg-oa-lanai-pos-lanai"
"","Farah Ramlee","Farah Ramlee's Profile - Sedunia
","","https://www.sedunia.me/users/Nur%20Farah%20Izni%20Binti%20Ramlee"
"Add a Wishlist Item","Kg Baru Agui","Kg Baru Agui - Communities - Sedunia
","We are committed to bringing quality experience to you.Please email us at info@sedunia.me if you are interested in joining the closed-beta program and be the first batch to try out this feature. Stay tuned!","https://www.sedunia.me/communities/kg-baru-agui"
"Add a Wishlist Item","Kg Orang Asli Dayok, Pos Lenjang","Kg Orang Asli Dayok, Pos Lenjang - Communities - Sedunia
","We are committed to bringing quality experience to you.Please email us at info@sedunia.me if you are interested in joining the closed-beta program and be the first batch to try out this feature. Stay tuned!","https://www.sedunia.me/communities/kg-oa-dayok-pos-lenjang"
"Add a Wishlist Item","Kg Tanjung Rambai","Kg Tanjung Rambai - Communities - Sedunia
","We are committed to bringing quality experience to you.Please email us at info@sedunia.me if you are interested in joining the closed-beta program and be the first batch to try out this feature. Stay tuned!","https://www.sedunia.me/communities/kg-tanjung-rambai"
"Add a Wishlist Item","Kg Chuweh, Rps Banun","Kg Chuweh, Rps Banun - Communities - Sedunia
","We are committed to bringing quality experience to you.Please email us at info@sedunia.me if you are interested in joining the closed-beta program and be the first batch to try out this feature. Stay tuned!","https://www.sedunia.me/communities/kg-chuweh-rps-banun"
"Grow a Community together","","Communities - Sedunia
","Share resources for the places and people we care about.","https://www.sedunia.me/communities?page=2"
"Add a Wishlist Item","Kg Orang Asli Ulu Sat","Kg Orang Asli Ulu Sat - Communities - Sedunia
","We are committed to bringing quality experience to you.Please email us at info@sedunia.me if you are interested in joining the closed-beta program and be the first batch to try out this feature. Stay tuned!","https://www.sedunia.me/communities/kg-orang-asli-ulu-sat"
"Add a Wishlist Item","Kg Orang Asli Kucing","Kg Orang Asli Kucing - Communities - Sedunia
","We are committed to bringing quality experience to you.Please email us at info@sedunia.me if you are interested in joining the closed-beta program and be the first batch to try out this feature. Stay tuned!","https://www.sedunia.me/communities/kg-orang-asli-kucing"
"Grow a Community together","","Communities - Sedunia
","Share resources for the places and people we care about.","https://www.sedunia.me/communities?page=3"
"Grow a Community together","","Communities - Sedunia
","Share resources for the places and people we care about.","https://www.sedunia.me/communities?page=4"
"Add a Wishlist Item","Kg Orang Asli Bendaling","Kg Orang Asli Bendaling - Communities - Sedunia
","We are committed to bringing quality experience to you.Please email us at info@sedunia.me if you are interested in joining the closed-beta program and be the first batch to try out this feature. Stay tuned!","https://www.sedunia.me/communities/kg-orang-asli-bendaling"
"Add a Wishlist Item","Kg Lubok, Pos Sinderut","Kg Lubok, Pos Sinderut - Communities - Sedunia
","We are committed to bringing quality experience to you.Please email us at info@sedunia.me if you are interested in joining the closed-beta program and be the first batch to try out this feature. Stay tuned!","https://www.sedunia.me/communities/kg-lubok-pos-sinderut"
"Grow a Community together","","Communities - Sedunia
","Share resources for the places and people we care about.","https://www.sedunia.me/communities?page=5"
"Add a Wishlist Item","Kg Jerangkak, Rps Betau","Kg Jerangkak, Rps Betau - Communities - Sedunia
","We are committed to bringing quality experience to you.Please email us at info@sedunia.me if you are interested in joining the closed-beta program and be the first batch to try out this feature. Stay tuned!","https://www.sedunia.me/communities/kg-jerangkak-rps-betau"
"Grow a Community together","","Communities - Sedunia
","Share resources for the places and people we care about.","https://www.sedunia.me/communities?page=6"
"Add a Wishlist Item","Kg Tenlan","Kg Tenlan - Communities - Sedunia
","We are committed to bringing quality experience to you.Please email us at info@sedunia.me if you are interested in joining the closed-beta program and be the first batch to try out this feature. Stay tuned!","https://www.sedunia.me/communities/kg-tenlan"
"Grow a Community together","","Communities - Sedunia
","Share resources for the places and people we care about.","https://www.sedunia.me/communities?page=7"
"Add a Wishlist Item","Kg Semul","Kg Semul - Communities - Sedunia
","We are committed to bringing quality experience to you.Please email us at info@sedunia.me if you are interested in joining the closed-beta program and be the first batch to try out this feature. Stay tuned!","https://www.sedunia.me/communities/kg-semul"
"Grow a Community together","","Communities - Sedunia
","Share resources for the places and people we care about.","https://www.sedunia.me/communities?page=8"
"Add a Wishlist Item","Kg Sagong","Kg Sagong - Communities - Sedunia
","We are committed to bringing quality experience to you.Please email us at info@sedunia.me if you are interested in joining the closed-beta program and be the first batch to try out this feature. Stay tuned!","https://www.sedunia.me/communities/kg-sagong"
"Grow a Community together","","Communities - Sedunia
","Share resources for the places and people we care about.","https://www.sedunia.me/communities?page=42"
"Add a Wishlist Item","Kg Orang Asli Sungai Tersik/Tabung","Kg Orang Asli Sungai Tersik/Tabung - Communities - Sedunia
","We are committed to bringing quality experience to you.Please email us at info@sedunia.me if you are interested in joining the closed-beta program and be the first batch to try out this feature. Stay tuned!","https://www.sedunia.me/communities/kg-oa-sungai-tersik-tabung"
"Grow a Community together","","Communities - Sedunia
","Share resources for the places and people we care about.","https://www.sedunia.me/communities?page=43"
"Add a Wishlist Item","Kg Orang Asli Batu 19","Kg Orang Asli Batu 19 - Communities - Sedunia
","We are committed to bringing quality experience to you.Please email us at info@sedunia.me if you are interested in joining the closed-beta program and be the first batch to try out this feature. Stay tuned!","https://www.sedunia.me/communities/kg-orang-asli-batu-19-1"
"Add a Wishlist Item","Kg Rumlak Sg Raya","Kg Rumlak Sg Raya - Communities - Sedunia
","We are committed to bringing quality experience to you.Please email us at info@sedunia.me if you are interested in joining the closed-beta program and be the first batch to try out this feature. Stay tuned!","https://www.sedunia.me/communities/kg-rumlak-sg-raya"
"Add a Wishlist Item","Kg Pos Tohoi","Kg Pos Tohoi - Communities - Sedunia
","We are committed to bringing quality experience to you.Please email us at info@sedunia.me if you are interested in joining the closed-beta program and be the first batch to try out this feature. Stay tuned!","https://www.sedunia.me/communities/kg-pos-tohoi"
"Add a Wishlist Item","Kg Dusun Raja, Rps Kuala Betis","Kg Dusun Raja, Rps Kuala Betis - Communities - Sedunia
","We are committed to bringing quality experience to you.Please email us at info@sedunia.me if you are interested in joining the closed-beta program and be the first batch to try out this feature. Stay tuned!","https://www.sedunia.me/communities/kg-dusun-raja-rps-kuala-betis"
"Add a Wishlist Item","Kg Bujok, Pos Bihai","Kg Bujok, Pos Bihai - Communities - Sedunia
","We are committed to bringing quality experience to you.Please email us at info@sedunia.me if you are interested in joining the closed-beta program and be the first batch to try out this feature. Stay tuned!","https://www.sedunia.me/communities/kg-bujok-pos-bihai"
"Add a Wishlist Item","Kg Bayo, Pos Bihai","Kg Bayo, Pos Bihai - Communities - Sedunia
","We are committed to bringing quality experience to you.Please email us at info@sedunia.me if you are interested in joining the closed-beta program and be the first batch to try out this feature. Stay tuned!","https://www.sedunia.me/communities/kg-bayo-pos-bihai"
"Add a Wishlist Item","Kg Orang Asli Kuala Tahan","Kg Orang Asli Kuala Tahan - Communities - Sedunia
","We are committed to bringing quality experience to you.Please email us at info@sedunia.me if you are interested in joining the closed-beta program and be the first batch to try out this feature. Stay tuned!","https://www.sedunia.me/communities/kg-orang-asli-kuala-tahan"
"","Frequently Asked Questions","FAQ - Sedunia
","It is 100% free to start a mission. Sedunia does not charge any service fee.","https://www.sedunia.me/faq#general"
"","Frequently Asked Questions","FAQ - Sedunia
","It is 100% free to start a mission. Sedunia does not charge any service fee.","https://www.sedunia.me/faq#missions"
"","Frequently Asked Questions","FAQ - Sedunia
","It is 100% free to start a mission. Sedunia does not charge any service fee.","https://www.sedunia.me/faq#groups"
"","Frequently Asked Questions","FAQ - Sedunia
","It is 100% free to start a mission. Sedunia does not charge any service fee.","https://www.sedunia.me/faq#account"
"","Frequently Asked Questions","FAQ - Sedunia
","It is 100% free to start a mission. Sedunia does not charge any service fee.","https://www.sedunia.me/faq#collapse_mission_2"
"","Frequently Asked Questions","FAQ - Sedunia
","It is 100% free to start a mission. Sedunia does not charge any service fee.","https://www.sedunia.me/faq#collapse_mission_3"
"","Frequently Asked Questions","FAQ - Sedunia
","It is 100% free to start a mission. Sedunia does not charge any service fee.","https://www.sedunia.me/faq#collapse_mission_4"
"","Frequently Asked Questions","FAQ - Sedunia
","It is 100% free to start a mission. Sedunia does not charge any service fee.","https://www.sedunia.me/faq#collapse_mission_5"
"","Frequently Asked Questions","FAQ - Sedunia
","It is 100% free to start a mission. Sedunia does not charge any service fee.","https://www.sedunia.me/faq#collapse_mission_6"
"","Frequently Asked Questions","FAQ - Sedunia
","It is 100% free to start a mission. Sedunia does not charge any service fee.","https://www.sedunia.me/faq#collapse_mission_7"
"","Frequently Asked Questions","FAQ - Sedunia
","It is 100% free to start a mission. Sedunia does not charge any service fee.","https://www.sedunia.me/faq#collapseGuild_2"
"","Frequently Asked Questions","FAQ - Sedunia
","It is 100% free to start a mission. Sedunia does not charge any service fee.","https://www.sedunia.me/faq#collapseGuild_1"
"","Frequently Asked Questions","FAQ - Sedunia
","It is 100% free to start a mission. Sedunia does not charge any service fee.","https://www.sedunia.me/faq#collapseOne_tips"
"","","Sedunia
","Impact made easy.","https://www.sedunia.me/password/email"
"","","Sedunia
","Don't have an account yet?Sign up now","https://www.sedunia.me/match/request-help"
"","","Sedunia
","Don't have an account yet?Sign up now","https://www.sedunia.me/match/offer-help"
"","Match BETA","Sedunia Match
","Sharing our resources is one of the most effective ways to help one another.","https://www.sedunia.me/match#collapseMap"
"","","help Azlan buy photostat machine  - Sedunia Match
","3 weeks ago","https://www.sedunia.me/match/posts/1110/help-azlan-buy-photostat-machine"
"","","Looking for a Career into Game Industry - Sedunia Match
","1 month ago","https://www.sedunia.me/match/posts/1108/looking-for-a-career-into-game-industry"
"","","Small support  - Sedunia Match
","1 month ago","https://www.sedunia.me/match/posts/1107/small-support"
"","","Small help needed - Sedunia Match
","1 month ago","https://www.sedunia.me/match/posts/1106/small-help-needed"
"","","Tazhal Media – The Voice of the Community - Sedunia Match
","1 month ago","https://www.sedunia.me/match/posts/1105/tazhal-media-the-voice-of-the-community"
"","","Together, Let’s Stop Kids from Getting Worse Eye Power - Sedunia Match
","3 months ago","https://www.sedunia.me/match/posts/1104/together-lets-stop-kids-from-getting-worse-eye-power"
"","","Pusat Pelajar Marhaen - Sedunia Match
","3 months ago","https://www.sedunia.me/match/posts/1103/pusat-pelajar-marhaen"
"","","ORPHANAGE HOME KEPONG - Sedunia Match
","3 months ago","https://www.sedunia.me/match/posts/1102/orphanage-home-kepong"
"",""," - Sedunia Match
","5 months ago","https://www.sedunia.me/match/posts/1101"
"","","Dana Kasih untuk Sekolah Tunas Bakti: Sumbangan Katil & Keperluan Harian - Sedunia Match
","5 months ago","https://www.sedunia.me/match/posts/1100/dana-kasih-untuk-sekolah-tunas-bakti-sumbangan-katil-keperluan-harian"
"56113","COVID-19 Collectivefor Orang Asli","COVID-19 Collective for Orang Asli - Sedunia
","Orang Asli families helped","https://www.sedunia.me/oa-collective#learn-more"
"56113","COVID-19 Collectivefor Orang Asli","COVID-19 Collective for Orang Asli - Sedunia
","Orang Asli families helped","https://www.sedunia.me/oa-collective#accordion_collapse_FAQ_General3"
"56113","COVID-19 Collectivefor Orang Asli","COVID-19 Collective for Orang Asli - Sedunia
","Orang Asli families helped","https://www.sedunia.me/oa-collective#accordion_collapse_FAQ_General4"
"","Support the team behind ""COVID-19 Collective for Orang Asli""","Support the team behind ""COVID-19 Collective for Orang Asli"" - Fundraising Campaigns - Sedunia
","Your support enables our team to continue mobilizing food supplies for Orang Asli families
				
							","https://www.sedunia.me/campaigns/support-the-team-behind-covid-19-collective-for-orang-asli/about"
"56,045","COVID-19 Collectivefor Orang Asli","COVID-19 Collective for Orang Asli - Sedunia
","Orang Asli families helped","https://www.sedunia.me/oa-collective#accordion_collapse_FAQ_General5"
"47,995","COVID-19 Collectivefor Orang Asli","COVID-19 Collective for Orang Asli - Sedunia
","Orang Asli families helped","https://www.sedunia.me/oa-collective#accordion_collapse_FAQ_General6"
"53,650","COVID-19 Collectivefor Orang Asli","COVID-19 Collective for Orang Asli - Sedunia
","Orang Asli families helped","https://www.sedunia.me/oa-collective#collapseMap"
"47,995","COVID-19 Collectivefor Orang Asli","COVID-19 Collective for Orang Asli - Sedunia
","Orang Asli families helped","https://www.sedunia.me/oa-collective#accordion_collapse_FAQ_General7"
"","Ching Yee","Ching Yee's Profile - Sedunia
","","https://www.sedunia.me/users/ching-yee"
"47,834","COVID-19 Collectivefor Orang Asli","COVID-19 Collective for Orang Asli - Sedunia
","Orang Asli families helped","https://www.sedunia.me/oa-collective#accordion_collapse_FAQ_General8"
"52,419","COVID-19 Collectivefor Orang Asli","COVID-19 Collective for Orang Asli - Sedunia
","Orang Asli families helped","https://www.sedunia.me/oa-collective#accordion_collapse_FAQ_General9"
"","Daniel Yap","Daniel Yap's Profile - Sedunia
","","https://www.sedunia.me/users/daniel-yap"
"49,831","COVID-19 Collectivefor Orang Asli","COVID-19 Collective for Orang Asli - Sedunia
","Orang Asli families helped","https://www.sedunia.me/oa-collective#accordion_collapse_FAQ_General10"
"","Liew Sow Ying","Liew Sow Ying's Profile - Sedunia
","","https://www.sedunia.me/users/liew-sow-ying"
"49,697","COVID-19 Collectivefor Orang Asli","COVID-19 Collective for Orang Asli - Sedunia
","Orang Asli families helped","https://www.sedunia.me/oa-collective#accordion_collapse_FAQ_Sponsors0"
"","Samantha Khu","Samantha Khu's Profile - Sedunia
","","https://www.sedunia.me/users/samantha-khu"
"","YuYu Tung","YuYu Tung's Profile - Sedunia
","","https://www.sedunia.me/users/yuyu-tung"
"","Jonathan W","Jonathan W's Profile - Sedunia
","","https://www.sedunia.me/users/jonathan-w"
"","Ryan Khoo","Ryan Khoo's Profile - Sedunia
","","https://www.sedunia.me/users/ryan-khoo"
"","Steve Ho","Steve Ho's Profile - Sedunia
","","https://www.sedunia.me/users/steve-ho"
"","Joyce Rajendran","Joyce Rajendran's Profile - Sedunia
","","https://www.sedunia.me/users/jsraj"
"19,673","COVID-19 Collectivefor Orang Asli","COVID-19 Collective for Orang Asli - Sedunia
","Orang Asli families helped","https://www.sedunia.me/oa-collective#get-started"
"","Syazna Zulhasnan","Syazna Zulhasnan's Profile - Sedunia
","","https://www.sedunia.me/users/syazna-zulhasnan"
"47,506","COVID-19 Collectivefor Orang Asli","COVID-19 Collective for Orang Asli - Sedunia
","Orang Asli families helped","https://www.sedunia.me/oa-collective#community-list"
"","Rebecca ","Rebecca 's Profile - Sedunia
","","https://www.sedunia.me/users/rebecca-2"
"","Rebecca ","Rebecca 's Profile - Sedunia
","","https://www.sedunia.me/campaigns/covid-19-emergency-funds/sponsor"
"","Siew San Wong","Siew San Wong's Profile - Sedunia
","","https://www.sedunia.me/users/siew-san-wong"
"","Chris ","Chris 's Profile - Sedunia
","","https://www.sedunia.me/users/chris-r"
"","","Sedunia
","Don't have an account yet?Sign up now","https://www.sedunia.me/campaigns/covid-19-collective-for-orang-asli-fund/support"
"47,518","COVID-19 Collectivefor Orang Asli","COVID-19 Collective for Orang Asli - Sedunia
","Orang Asli families helped","https://www.sedunia.me/oa-collective#accordion_collapse_0"
"","JIA CHEN chua","JIA CHEN chua's Profile - Sedunia
","","https://www.sedunia.me/users/jia-chen-chua"
"47,995","COVID-19 Collectivefor Orang Asli","COVID-19 Collective for Orang Asli - Sedunia
","Orang Asli families helped","https://www.sedunia.me/oa-collective#accordion_collapse_1"
"","Cathrine Leong","Cathrine Leong's Profile - Sedunia
","","https://www.sedunia.me/users/cathrine-leong"
"","Gan keem Chong","Gan keem Chong's Profile - Sedunia
","","https://www.sedunia.me/users/gan-keem-chong"
"31,188","COVID-19 Collectivefor Orang Asli","COVID-19 Collective for Orang Asli - Sedunia
","Orang Asli families helped","https://www.sedunia.me/oa-collective#accordion_collapse_2"
"","","We are 3 girls we want to help you - Sedunia Match
","6 months ago","https://www.sedunia.me/match/posts/1098/we-are-3-girls-we-want-to-help-you"
"","","Sponsors - COLLECTIVE FOR ORANG ASLI FUND - Fundraising Campaigns - Sedunia
","Impact made easy.","https://www.sedunia.me/campaigns/covid-19-collective-for-orang-asli-fund/manage/sponsors"
"50,118","COVID-19 Collectivefor Orang Asli","COVID-19 Collective for Orang Asli - Sedunia
","Orang Asli families helped","https://www.sedunia.me/oa-collective#accordion_collapse_FAQ_NGOs0"
"","","No-Cost Healing: Professional Therapy for Those Who Need It - Sedunia Match
","8 months ago","https://www.sedunia.me/match/posts/1095/no-cost-healing-professional-therapy-for-those-who-need-it"
"49,391","COVID-19 Collectivefor Orang Asli","COVID-19 Collective for Orang Asli - Sedunia
","Orang Asli families helped","https://www.sedunia.me/oa-collective#accordion_collapse_FAQ_NGOs1"
"","","Improve your digital technology  - Sedunia Match
","2 years ago","https://www.sedunia.me/match/posts/1087/improve-your-digital-technology"
"","Food for Perkampungan Orang Asli - Pos Tenau","Food for Perkampungan Orang Asli - Pos Tenau - Fundraising Campaigns - Sedunia
","for COLLECTIVE FOR ORANG ASLI FUND    BOOST","https://www.sedunia.me/campaigns/rice-for-perkampungan-orang-asli-pos-tenau"
"48,168","COVID-19 Collectivefor Orang Asli","COVID-19 Collective for Orang Asli - Sedunia
","Orang Asli families helped","https://www.sedunia.me/oa-collective#accordion_collapse_FAQ_NGOs2"
"47,199","COVID-19 Collectivefor Orang Asli","COVID-19 Collective for Orang Asli - Sedunia
","Orang Asli families helped","https://www.sedunia.me/oa-collective#accordion_collapse_FAQ_NGOs3"
"","COLLECTIVE FOR ORANG ASLI FUND","COLLECTIVE FOR ORANG ASLI FUND - Fundraising Campaigns - Sedunia
","To ensure that no Orang Asli families are left behind this Covid-19 MCO
				","https://www.sedunia.me/campaigns/covid-19-collective-for-orang-asli-fund"
"47,340","COVID-19 Collectivefor Orang Asli","COVID-19 Collective for Orang Asli - Sedunia
","Orang Asli families helped","https://www.sedunia.me/oa-collective#accordion_collapse_FAQ_General0"
"","Ramesh Arumugam Chettiar","Ramesh Arumugam Chettiar's Profile - Sedunia
","","https://www.sedunia.me/users/ramesh-arumugam-chettiar"
"Step 1: Donate a RM100 food pack","Emergency Food Aid for 1208 affected OA families in Hulu Selangor","Emergency Food Aid for 1208 affected OA families in Hulu Selangor - Fundraising Campaigns - Sedunia
","for COLLECTIVE FOR ORANG ASLI FUND    BOOST","https://www.sedunia.me/campaigns/help-provide-food-for-hulu-selangor-orang-asli"
"48,962","COVID-19 Collectivefor Orang Asli","COVID-19 Collective for Orang Asli - Sedunia
","Orang Asli families helped","https://www.sedunia.me/oa-collective#accordion_collapse_FAQ_General1"
"","Celebrate Our Union by Supporting Orang Asli Families","Celebrate Our Union by Supporting Orang Asli Families - Fundraising Campaigns - Sedunia
","for COLLECTIVE FOR ORANG ASLI FUND    BOOST","https://www.sedunia.me/campaigns/celebrate-our-union-by-supporting-orang-asli-families"
"47,670","COVID-19 Collectivefor Orang Asli","COVID-19 Collective for Orang Asli - Sedunia
","Orang Asli families helped","https://www.sedunia.me/oa-collective#accordion_collapse_FAQ_General2"
"","Siew L","Siew L's Profile - Sedunia
","","https://www.sedunia.me/users/s-l-koo"
"","Let's support Orang Asli families affected by the MCO in Malaysia","Let's support Orang Asli families affected by the MCO in Malaysia - Fundraising Campaigns - Sedunia
","for COLLECTIVE FOR ORANG ASLI FUND    BOOST","https://www.sedunia.me/campaigns/let-s-support-orang-asli-families-affected-by-the-mco-in-malaysia"
"","Nicole Lim","Nicole Lim's Profile - Sedunia
","","https://www.sedunia.me/users/nicole-lim-1"
""," The Rice Bowl Project"," The Rice Bowl Project - Fundraising Campaigns - Sedunia
","for COLLECTIVE FOR ORANG ASLI FUND    BOOST","https://www.sedunia.me/campaigns/the-rice-bowl-project"
"","thericebowlproject ","thericebowlproject 's Profile - Sedunia
","","https://www.sedunia.me/users/thericebowlproject"
"30,293","COVID-19 Collectivefor Orang Asli","COVID-19 Collective for Orang Asli - Sedunia
","Orang Asli families helped","https://www.sedunia.me/oa-collective#accordion_collapse_learnMore0"
"47,340","COVID-19 Collectivefor Orang Asli","COVID-19 Collective for Orang Asli - Sedunia
","Orang Asli families helped","https://www.sedunia.me/oa-collective#accordion_collapse_learnMore1"
"49,265","COVID-19 Collectivefor Orang Asli","COVID-19 Collective for Orang Asli - Sedunia
","Orang Asli families helped","https://www.sedunia.me/oa-collective#accordion_collapse_learnMore2"
"47,043","COVID-19 Collectivefor Orang Asli","COVID-19 Collective for Orang Asli - Sedunia
","Orang Asli families helped","https://www.sedunia.me/oa-collective#accordion_collapse_learnMore3"
"","Support the team behind ""COVID-19 Collective for Orang Asli""","Support the team behind ""COVID-19 Collective for Orang Asli"" - Fundraising Campaigns - Sedunia
","Your support enables our team to continue mobilizing food supplies for Orang Asli families
				","https://www.sedunia.me/campaigns/support-the-team-behind-covid-19-collective-for-orang-asli"
"","Pei Qin Tan","Pei Qin Tan's Profile - Sedunia
","","https://www.sedunia.me/users/pei-qin-tan"
"",""," - Fundraising Campaigns - Sedunia
","No campaign excerpt yet.
				","https://www.sedunia.me/campaigns/urban-farm-for-charity-homes"
"","Sayur In The City: For Kids & Youths","Sayur In The City: For Kids & Youths - Fundraising Campaigns - Sedunia
","Get kids to know and grow our local vegetables
				","https://www.sedunia.me/campaigns/sayur-in-the-city"
"","Shao-Lyn Low","Shao-Lyn Low's Profile - Sedunia
","","https://www.sedunia.me/users/eatsshootsandroots"
"","Help Us Upskill At-Risk Youths! ","Help Us Upskill At-Risk Youths!  - Fundraising Campaigns - Sedunia
","Raising funds to upskill at-risk youths, helping them become micro-entrepreneurs! 
				","https://www.sedunia.me/campaigns/help-us-up-skill-at-risk-youths"
"","Accelerate Global","Accelerate Global - Groups - Sedunia
","6 followers  |  0 missions  |   0 mission hours","https://www.sedunia.me/groups/accelerateglobal"
"","Kita Bantu Anak Malaysia - an initiative from Speak Up AIESEC in UPM","Kita Bantu Anak Malaysia - an initiative from Speak Up AIESEC in UPM - Fundraising Campaigns - Sedunia
","We help provide laptops to B40 students to ease their virtual educational journey.
				","https://www.sedunia.me/campaigns/speak-up-laptop-donation-campaign"
"How it works","Social Impact Matching (SIM) Grant","Penjana Sim Grant - Sedunia
","A  Initiative","https://www.sedunia.me/penjana-sim-grant#get-started"
"How it works","Social Impact Matching (SIM) Grant","Penjana Sim Grant - Sedunia
","A  Initiative","https://www.sedunia.me/penjana-sim-grant#accordion_collapse_learnMore0"
"","AIESEC in Universiti Putra Malaysia","AIESEC in Universiti Putra Malaysia's Profile - Sedunia
","","https://www.sedunia.me/users/raadhika-arunasalam"
"","Nadine ","Nadine 's Profile - Sedunia
","","https://www.sedunia.me/users/nadine-1"
"","Ensuring B40 Students Have Laptops to E-Learn ","Ensuring B40 Students Have Laptops to E-Learn  - Fundraising Campaigns - Sedunia
","We intend to secure laptops for students, both by way of fundraising and by selling merchandise. 
				","https://www.sedunia.me/campaigns/we-connect-b40-students-with-the-digital-resources"
"How it works","Social Impact Matching (SIM) Grant","Penjana Sim Grant - Sedunia
","A  Initiative","https://www.sedunia.me/penjana-sim-grant#accordion_collapse_learnMore1"
"","Inspire The Angel","Inspire The Angel - Fundraising Campaigns - Sedunia
","We provide a social interaction platform to help those with special needs.
				","https://www.sedunia.me/campaigns/inspire-the-angel-2"
"How it works","Social Impact Matching (SIM) Grant","Penjana Sim Grant - Sedunia
","A  Initiative","https://www.sedunia.me/penjana-sim-grant#accordion_collapse_learnMore2"
"","Tutoring SPM students.","Tutoring SPM students. - Fundraising Campaigns - Sedunia
","for Bersama-sama Project    BOOST","https://www.sedunia.me/campaigns/tutoring-spm-students"
"How it works","Social Impact Matching (SIM) Grant","Penjana Sim Grant - Sedunia
","A  Initiative","https://www.sedunia.me/penjana-sim-grant#accordion_collapse_learnMore3"
"How it works","Social Impact Matching (SIM) Grant","Penjana Sim Grant - Sedunia
","A  Initiative","https://www.sedunia.me/penjana-sim-grant#accordion_collapse_learnMore4"
"","Bersama-sama Project","Bersama-sama Project - Fundraising Campaigns - Sedunia
","The Bersama-sama Project aims to help underprivileged children during the Covid-19 pandemic crisis.
				","https://www.sedunia.me/campaigns/bersama-sama-project-1"
"How it works","Social Impact Matching (SIM) Grant","Penjana Sim Grant - Sedunia
","A  Initiative","https://www.sedunia.me/penjana-sim-grant#accordion_collapse_learnMore5"
"","Kah Vern Chiang","Kah Vern Chiang's Profile - Sedunia
","","https://www.sedunia.me/users/kah-vern-chiang"
"","Build Community Self-Feeders for Strays with Stray Tales Society","Build Community Self-Feeders for Strays with Stray Tales Society - Fundraising Campaigns - Sedunia
","Change the tales of strays by supporting us with Community Self-Feeders!
				 Animals & Wildlife","https://www.sedunia.me/campaigns/a-self-feeding-haven-changing-tales-for-rescues"
"","Precious Plastic by KITARAN","Precious Plastic by KITARAN - Fundraising Campaigns - Sedunia
","Help us turn Used Plastic Waste into Recycled Plastic Pots
				","https://www.sedunia.me/campaigns/precious-plastic-by-kitaran"
"","Bantu Hero Kami: Fundraising for Hospital Equipment","Bantu Hero Kami: Fundraising for Hospital Equipment - Fundraising Campaigns - Sedunia
","Fundraising for Intensive Care Unit (ICU) and specialized equipment to hospitals fighting Covid-19
				 Health & Wellbeing","https://www.sedunia.me/campaigns/bantu-hero-kami-help-our-heroes-fundraising-for-hospital-equipment"
"","Aleeza Zaki","Aleeza Zaki's Profile - Sedunia
","","https://www.sedunia.me/users/aleeza-zaki"
"","Stray Tales Society","Stray Tales Society's Profile - Sedunia
","","https://www.sedunia.me/users/straytalessociety"
"","Kampung Tunku","Kampung Tunku's Profile - Sedunia
","","https://www.sedunia.me/users/LimYiWei.MY"
"",""," - Fundraising Campaigns - Sedunia
","No campaign excerpt yet.
				","https://www.sedunia.me/campaigns/300sqft-urban-farm-in-charity-homes"
"","Distribute Malaysia","Distribute Malaysia - Fundraising Campaigns - Sedunia
","Sending staple food and cooked meals to targeted ‘White Flag’ families
				 Emergency & Disaster Relief Food & Nutrition Poverty Alleviation Health & Wellbeing","https://www.sedunia.me/campaigns/distribute-malaysia"
"","Educate to Elevate: A Brighter Future for Orang Asli Students","Educate to Elevate: A Brighter Future for Orang Asli Students - Fundraising Campaigns - Sedunia
","Support Tutoring Classes and Orang Asli Teachers' Allowance in Kg. Orang Asli Serendah
				 Education","https://www.sedunia.me/campaigns/teachers-allowance"
"","Hero Charity","Hero Charity's Profile - Sedunia
","","https://www.sedunia.me/users/william-ng"
"","Syakira Kamal","Syakira Kamal's Profile - Sedunia
","","https://www.sedunia.me/users/syakira-kamal"
"","Distribute Malaysia","Distribute Malaysia's Profile - Sedunia
","","https://www.sedunia.me/users/distributemy"
"","Mental Health Accessibility for All","Mental Health Accessibility for All - Fundraising Campaigns - Sedunia
","To enhance our one stop web application and initiatives for affordable and accessible mental health 
				","https://www.sedunia.me/campaigns/you-can-help-make-mental-health-services-in-malaysia-more-accessible"
"","Fundraising for a better tomorrow","Fundraising for a better tomorrow - Fundraising Campaigns - Sedunia
","This campaign is started by 5 future biologist from Universiti Sains Malaysia to raise awareness. 
				 Animals & Wildlife Education Environment & Climate","https://www.sedunia.me/campaigns/fundraising-for-a-better-tomorrow"
"","PROJECT KEEP WILDLIFE WILD ","PROJECT KEEP WILDLIFE WILD  - Fundraising Campaigns - Sedunia
","Support our work to create a safer environment for people and urban primates
				 Animals & Wildlife Environment & Climate Partnerships Others","https://www.sedunia.me/campaigns/project-keep-wildlife-wild-1"
"","Be With Refugees","Be With Refugees - Fundraising Campaigns - Sedunia
","A powerful way to motivate and appreciate our refugee children's effort.
				
									Justice & Equality
									Education
									Children & Youth
							","https://www.sedunia.me/campaigns/be-with-refugees-4"
"","Sharmini Paramasivam","Sharmini Paramasivam's Profile - Sedunia
","","https://www.sedunia.me/users/animalneighbours"
"","Shook Yin Foong","Shook Yin Foong's Profile - Sedunia
","","https://www.sedunia.me/users/shook-yin-foong"
"","Zu Wei Tan","Zu Wei Tan's Profile - Sedunia
","","https://www.sedunia.me/users/zu-wei-tan"
"","Mentalogue Enterprise","Mentalogue Enterprise's Profile - Sedunia
","","https://www.sedunia.me/users/tedd-denis-1"
"","#FundraiseForDigital3.0","#FundraiseForDigital3.0 - Fundraising Campaigns - Sedunia
","We‘re raising funds to refurbish used laptops for the deserving students from the B40 community!
				 Education Information Technology","https://www.sedunia.me/campaigns/fundraisefordigital3-0"
"What is Projek Pelita 2021?","Projek Pelita 2021","Projek Pelita 2021 - Fundraising Campaigns - Sedunia
","In times of adversity, we shed light on the Rakyat | #RakyatJagaRakyat #MSLSXV
				 Health & Wellbeing Poverty Alleviation Emergency & Disaster Relief Women & Girls Food & Nutrition","https://www.sedunia.me/campaigns/projek-pelita-2021"
"","Farm To Table for B40","Farm To Table for B40 - Fundraising Campaigns - Sedunia
","Food security & health for the B40, a watermelon & a dental kit, at a time
				","https://www.sedunia.me/campaigns/buy-one-give-one-watermelon"
"","Save the Endangered Terrapins, Start with You ","Save the Endangered Terrapins, Start with You  - Fundraising Campaigns - Sedunia
","Donate to fund the conservation and research of critically endangered river terrapins
				 Animals & Wildlife Environment & Climate","https://www.sedunia.me/campaigns/save-the-endangered-terrapins-start-with-you"
"Nation's Interest At Heart","UKEC","UKEC - Groups - Sedunia
","0 followers  |  0 missions  |   0 mission hours","https://www.sedunia.me/groups/ukeconline"
"","San Sann","San Sann's Profile - Sedunia
","","https://www.sedunia.me/users/san-sann"
"A social enterprise that focuses on food security, health, and the environment","Abundant Ventures Sdn Bhd","Abundant Ventures Sdn Bhd - Groups - Sedunia
","5 followers  |  0 missions  |   0 mission hours","https://www.sedunia.me/groups/abundantventures"
"","Connect.  ED","Connect.  ED's Profile - Sedunia
","","https://www.sedunia.me/users/connected-my"
"","Sponsor-A-Child (SAC) Project","Sponsor-A-Child (SAC) Project - Fundraising Campaigns - Sedunia
","Sponsor the education of refugee children with financial difficulties
				","https://www.sedunia.me/campaigns/sponsor-a-child-sac-project"
"","Empower 15 Refugees to Rebuild Their Lives as Home Chefs","Empower 15 Refugees to Rebuild Their Lives as Home Chefs - Fundraising Campaigns - Sedunia
","Enable 15 refugees to become certified home chefs and earn a sustainable income
				","https://www.sedunia.me/campaigns/picha-chef-training"
"","The Hope Branch : Kapar, Klang Refurbishment Project ","The Hope Branch : Kapar, Klang Refurbishment Project  - Fundraising Campaigns - Sedunia
","Cleaning up and refurbishing homes of families living in deplorable conditions in Kapar
				 Housing & Infrastructure Water & Sanitation Health & Wellbeing Poverty Alleviation Children & Youth","https://www.sedunia.me/campaigns/thb-refurbishment-project-food-drive-monthly-essential-groceries-distribution"
"","Free One-on-One Tutoring for B40 SPM Students","Free One-on-One Tutoring for B40 SPM Students - Fundraising Campaigns - Sedunia
","We aim to overcome learning loss and inequalities faced by students due to COVID-19 school closures.
				 Education Children & Youth Poverty Alleviation Information Technology","https://www.sedunia.me/campaigns/free-one-on-one-tutoring-for-b40-spm-students"
"Sowing Seeds of Change to Refugee Communities Through Education","Hands of Hope Malaysia","Hands of Hope Malaysia - Groups - Sedunia
","{{ followerCountText }}  |  0 missions  |   0 mission hours","https://www.sedunia.me/groups/handsofhopemy"
"","The Hope Branch","The Hope Branch - Groups - Sedunia
","2 followers  |  0 missions  |   0 mission hours","https://www.sedunia.me/groups/thehopebranch"
"Meals that rebuild lives","PichaEats","PichaEats - Groups - Sedunia
","2 followers  |  0 missions  |   0 mission hours","https://www.sedunia.me/groups/pichaeats"
"Fighting learning loss in Malaysia ","Rakan Tutor","Rakan Tutor - Groups - Sedunia
","0 followers  |  0 missions  |   0 mission hours","https://www.sedunia.me/groups/rakan-tutor-1"
"","In order to help provide economic necessities to SLE Community ","In order to help provide economic necessities to SLE Community  - Fundraising Campaigns - Sedunia
","for Wings of Hope Campaign    BOOST","https://www.sedunia.me/campaigns/raise-a-funding-from-people-around-me"
"","Blooming Hope: Keeping Lukut Kids School-Ready During A Pandemic","Blooming Hope: Keeping Lukut Kids School-Ready During A Pandemic - Fundraising Campaigns - Sedunia
","Provide the essential items needed by the school children to embrace the day-to-day remote learning.
				 Education Justice & Equality Health & Wellbeing","https://www.sedunia.me/campaigns/keeping-port-dickson-kids-in-school-during-the-pandemic"
"","Empower the poor through the art of barbering","Empower the poor through the art of barbering - Fundraising Campaigns - Sedunia
","Empower the underprivileged youth with barbering skill to break free from poverty
				","https://www.sedunia.me/campaigns/empower-the-poor-the-art-of-barbering"
"","FREE e-Learning Platform for the Disempowered to Learn , Heal and Rebuild Life.","FREE e-Learning Platform for the Disempowered to Learn , Heal and Rebuild Life. - Fundraising Campaigns - Sedunia
","To create E-Learning Portal for victims of Domestic Violence to Learn, Heal & rebuild at own pace 
				","https://www.sedunia.me/campaigns/free-e-learning-platform-for-the-disempowered-to-learn-heal-and-rebuild-life"
"","Am Muhammad","Am Muhammad's Profile - Sedunia
","","https://www.sedunia.me/users/seminggubysf"
"","Impian OKU - to build & develop OKU Creativity & Excellence Training Center","Impian OKU - to build & develop OKU Creativity & Excellence Training Center - Fundraising Campaigns - Sedunia
","To develop & empowering OKU to be more stronger, independent & more confident in being competitive 
				","https://www.sedunia.me/campaigns/impian-oku-to-build-develop-oku-excellence-training-center"
"","Lex Low","Lex Low's Profile - Sedunia
","","https://www.sedunia.me/users/lex-low-1"
"","Wings of Hope Campaign","Wings of Hope Campaign - Fundraising Campaigns - Sedunia
","We bring wings of hope for the purple butterflies! 
				 Health & Wellbeing","https://www.sedunia.me/campaigns/wings-of-hope-fundraising-campaign"
"","Shila  Diva Cosmetics ","Shila  Diva Cosmetics 's Profile - Sedunia
","","https://www.sedunia.me/users/shila-diva-cosmetics"
"","#FundraiseForDigital: Raise Funds for B40 Students to E-Learn","#FundraiseForDigital: Raise Funds for B40 Students to E-Learn - Fundraising Campaigns - Sedunia
","We‘re raising funds to refurbish used laptops for the deserving students from the B40 community!
				 Education Children & Youth Information Technology","https://www.sedunia.me/campaigns/raise-funds-for-b40-students-to-e-learn"
"","Reusable Mask For 558 Orang Asli in Pulau Carey","Reusable Mask For 558 Orang Asli in Pulau Carey - Fundraising Campaigns - Sedunia
","Help the Mah Meri community protect themselves and save money in the long run.
				","https://www.sedunia.me/campaigns/558-reusable-mask-for-orang-asli-in-pulau-carey"
"","Lin XINYI","Lin XINYI's Profile - Sedunia
","","https://www.sedunia.me/users/lin-suzy"
"Empowering Orang Asli women ","The Asli Co.","The Asli Co. - Groups - Sedunia
","24 followers  |  1 missions  |   3 mission hours","https://www.sedunia.me/groups/theaslico"
"","Help Feed Hungry Families And Children In Rural Sabah (Underprivileged Villages)","Help Feed Hungry Families And Children In Rural Sabah (Underprivileged Villages) - Fundraising Campaigns - Sedunia
","Together We Can Provide Rural Families With Fresh Food Aid During To Survive The Covid-19 Pandemic
				 Health & Wellbeing Food & Nutrition Poverty Alleviation Women & Girls Emergency & Disaster Relief","https://www.sedunia.me/campaigns/help-feed-hungry-families-and-children-in-rural-sabah-orang-asli"
"","Digital Entrepreneurship Mentoring Programme for B40 Youth","Digital Entrepreneurship Mentoring Programme for B40 Youth - Fundraising Campaigns - Sedunia
","Empowering B40 youth to become resilient digital entrepreneurs through mentorship!
				 Poverty Alleviation Children & Youth","https://www.sedunia.me/campaigns/running-a-mentorship-1"
"","Self compassionate yarn crafts movement for breast cancer ","Self compassionate yarn crafts movement for breast cancer  - Fundraising Campaigns - Sedunia
","Fundraising for seed money to kickstart a social enterprise idea for breast cancer patients
				 Health & Wellbeing Women & Girls Education Arts & Culture","https://www.sedunia.me/campaigns/self-compassionate-yarn-crafts-movement-for-breast-cancer"
"","Aaron B","Aaron B's Profile - Sedunia
","","https://www.sedunia.me/users/aaron-b"
"","Future Laboratory","Future Laboratory's Profile - Sedunia
","","https://www.sedunia.me/users/future-laboratory"
"","Creating income for single mothers  ","Creating income for single mothers   - Fundraising Campaigns - Sedunia
","Fundraising For Single Mother Community Tailoring Center
				","https://www.sedunia.me/campaigns/raising-fund-to-open-community-tailoring-center"
"","Mei Theng Ng","Mei Theng Ng's Profile - Sedunia
","","https://www.sedunia.me/users/ngmeitheng"
"","Investing into B40 Women Entrepreneurs","Investing into B40 Women Entrepreneurs - Fundraising Campaigns - Sedunia
","Help mak ciks start their gerai makan business (They've been waiting for months to start!)
				","https://www.sedunia.me/campaigns/investing-into-b40-women-entrepreneurs"
"","Tharani  Periasamy","Tharani  Periasamy's Profile - Sedunia
","","https://www.sedunia.me/users/tailoring-manitoba"
"","Restore Gaza School Destroyed By Airstrike","Restore Gaza School Destroyed By Airstrike - Fundraising Campaigns - Sedunia
","No act of kindness, no matter how small, is ever wasted
				 Education","https://www.sedunia.me/campaigns/restore-gaza-school-destroyed-by-airstrike-1"
"","#FundraiseForDigital2.0","#FundraiseForDigital2.0 - Fundraising Campaigns - Sedunia
","We‘re raising funds to refurbish used laptops for the deserving students from the B40 community!
				 Education Children & Youth Information Technology Environment & Climate","https://www.sedunia.me/campaigns/fundraisefordigital"
"","#RAR4R : Creating a Batterer Intervention Programme to reduce Domestic Violence ","#RAR4R : Creating a Batterer Intervention Programme to reduce Domestic Violence  - Fundraising Campaigns - Sedunia
","Preventing Domestic Violence in Malaysia Through Abuser Rehabilitation Programs 
				 Women & Girls Justice & Equality","https://www.sedunia.me/campaigns/rar4r-creating-a-batterer-intervention-programme-to-reduce-domestic-violence"
"","Graze Market","Graze Market's Profile - Sedunia
","","https://www.sedunia.me/users/grazemarket"
"","Wanita Inspirasi Negara WIN","Wanita Inspirasi Negara WIN's Profile - Sedunia
","","https://www.sedunia.me/users/wanita-inspirasi-negara-win"
"","Care For Gold","Care For Gold - Fundraising Campaigns - Sedunia
","Our society needs people who truly care about the elderlies and disabled, hence here we are to help.
				","https://www.sedunia.me/campaigns/care-for-gold"
"Empowering Women in a Digital Village Anyone, Anytime, Anywhere. ","Moms Village Venture","Moms Village Venture - Groups - Sedunia
","2 followers  |  0 missions  |   0 mission hours","https://www.sedunia.me/groups/moms-village-asia"
"","Sponsor-A-Child Project","Sponsor-A-Child Project - Fundraising Campaigns - Sedunia
","Sponsor the education of refugee children with financial difficulties 
				","https://www.sedunia.me/campaigns/sponsor-a-child-project"
"","Joanna Yap","Joanna Yap's Profile - Sedunia
","","https://www.sedunia.me/users/joanna-yap"
"Who Are We?","Projek Didik Tuition Campaign #SaveSPM2021","Projek Didik Tuition Campaign #SaveSPM2021 - Fundraising Campaigns - Sedunia
","Donate now to fund our classes up till March 2022 for the SPM 2021 batch!
				 Education Children & Youth","https://www.sedunia.me/campaigns/projek-didik"
"","Hands for Education","Hands for Education's Profile - Sedunia
","","https://www.sedunia.me/users/ayra-raslan-haniff"
"","Terrapin Heroes Fundraising (T3)","Terrapin Heroes Fundraising (T3) - Fundraising Campaigns - Sedunia
","We are a group of teenage heroes wanting to save the world and restore balance in the ecosystem .
				","https://www.sedunia.me/campaigns/terrapin-heroes-fundraising-t3-1"
"","Zero Waste Fundraise","Zero Waste Fundraise - Fundraising Campaigns - Sedunia
","Let's work together to reduce waste in Malaysia and help needy communities!
				","https://www.sedunia.me/campaigns/zero-waste-fundraise"
"","Equipping B40 students with electronic devices for online learning","Equipping B40 students with electronic devices for online learning - Fundraising Campaigns - Sedunia
","Providing students with better study equipment and experience
				 Education Children & Youth Information Technology Others Justice & Equality","https://www.sedunia.me/campaigns/equipping-b40-students-with-electronic-devices"
"","Terrapin Heroes","Terrapin Heroes's Profile - Sedunia
","","https://www.sedunia.me/users/terrapin-heroes"
"","Educate Our Youths for the Future","Educate Our Youths for the Future - Fundraising Campaigns - Sedunia
","Engage, Empower and Encourage The Youth As The Leader of Tomorrow. 
				 Children & Youth Education","https://www.sedunia.me/campaigns/nylc-crowdfunding-campaign"
"","Shu Xin Ho","Shu Xin Ho's Profile - Sedunia
","","https://www.sedunia.me/users/shu-xin-ho"
"","Digital Education Access for the Orang Asli Students of Kampung Kemidak, Johor","Digital Education Access for the Orang Asli Students of Kampung Kemidak, Johor - Fundraising Campaigns - Sedunia
","Purchasing digital devices, data packages and educational utilities for the ""Pondok Pembelajaran""
				 Education Poverty Alleviation Children & Youth Information Technology Housing & Infrastructure","https://www.sedunia.me/campaigns/enabling-digital-education-for-orang-asli-students-in-kampung-kemidak-johor"
"","Teo Jing Yi","Teo Jing Yi's Profile - Sedunia
","","https://www.sedunia.me/users/teo-jing-yi"
"","Xu Yin Tan","Xu Yin Tan's Profile - Sedunia
","","https://www.sedunia.me/users/xu-yin-tan"
"","Academic Mentorship Program for HIV Infected and Affected Children","Academic Mentorship Program for HIV Infected and Affected Children - Fundraising Campaigns - Sedunia
","Provide academic mentorship for children left behind due to illness and poverty.
				","https://www.sedunia.me/campaigns/academic-mentorship-program-for-hiv-infected-and-affected-children"
"Break the cycle! Give them a 2ND CHANCE! ","2ND CHANCE PROGRAM - PTF","2ND CHANCE PROGRAM - PTF - Groups - Sedunia
","{{ followerCountText }}  |  43 missions  |   202.5 mission hours","https://www.sedunia.me/groups/sedunia-ptf"
"","Dream Big with me - Heidy's 27th birthday fundraiser","Dream Big with me - Heidy's 27th birthday fundraiser - Fundraising Campaigns - Sedunia
","Fundraising for 3 causes close to my heart that has been most impacted by the COVID-19 pandemic. 
				 Justice & Equality","https://www.sedunia.me/campaigns/dream-big-with-me-heidy-s-27th-birthday-fundraiser"
"","Heidy Quah","Heidy Quah's Profile - Sedunia
","","https://www.sedunia.me/users/heidy-quah"
"","GoJob Mart","GoJob Mart - Fundraising Campaigns - Sedunia
","Help us set up a food mart dedicated to providing food security to the urban poor around us!
				","https://www.sedunia.me/campaigns/gojob-mart"
"","Zarina Tom","Zarina Tom's Profile - Sedunia
","","https://www.sedunia.me/users/zarina-tom"
"Developing young people who are passionate about sustainability to become equipped and connected leaders, able to fight environmental challenges of today and tomorrow.How?","Youth Leadership Rainforest Camp 2021","Youth Leadership Rainforest Camp 2021 - Fundraising Campaigns - Sedunia
","Sponsor young Malaysians to a rainforest camp to make them the future green leaders
				 Animals & Wildlife Environment & Climate","https://www.sedunia.me/campaigns/draft-expedition"
"Learning through Service","GreenSmiths","GreenSmiths - Groups - Sedunia
","{{ followerCountText }}  |  0 missions  |   0 mission hours","https://www.sedunia.me/groups/greensmithsprojects"
"","Uniwealth Fundraiser to Feed the Hungry","Uniwealth Fundraiser to Feed the Hungry - Fundraising Campaigns - Sedunia
","Support hungry families with food aid. With RM100 you'll be able to feed a family for 2 weeks!
				","https://www.sedunia.me/campaigns/uniwealth-fundraiser-to-feed-the-hungry"
"","","Welcome to Sedunia - Help Center - Sedunia
","","https://www.sedunia.me/help/categories/general"
"","","How do I host a Mission? - Help Center - Sedunia
","","https://www.sedunia.me/help/categories/missions"
"","","How do I create a Group in Sedunia? - Help Center - Sedunia
","","https://www.sedunia.me/help/categories/groups"
"","","I cannot log in to my account. What should I do? - Help Center - Sedunia
","","https://www.sedunia.me/help/categories/account-and-profile"
"","","What is the overall campaign process? - Help Center - Sedunia
","","https://www.sedunia.me/help/categories/campaigns-1"
"Recruit Builder","","Sedunia

","Attended Basic Builder CourseConstruction & Building","https://www.sedunia.me/badges/recruit-builder"
"Rookie Builder","","Sedunia

","Completed an EPIC Home BuildConstruction & Building","https://www.sedunia.me/badges/rookie-builder"
"Master Builder","","Sedunia

","Attended Basic Builder Course, Attended Advanced Builder Course, Attended First Aid Course, Attended Master Builder Course, Completed all components of Epic Homes, Passed Master Builder Under EvaluationConstruction & Building","https://www.sedunia.me/badges/master-builder"
"Specialist Builder","","Sedunia

","Attended Basic Builder Course, Attended Advanced Builder Course, Completed 1 Epic build as Apprentice, Passed Specialist Under EvaluationConstruction & Building","https://www.sedunia.me/badges/specialist-builder"
"Experience Coordinator","","Sedunia

","Attended Basic Builder Course, Attended Experience Coordinator CourseLeadership and Soft Skills","https://www.sedunia.me/badges/experience-coordinator"
"Apprentice Builder","","Sedunia

","Attended Basic Builder Course, Recommended by Specialists & Master BuilderConstruction & Building","https://www.sedunia.me/badges/apprentice-builder"
"MYR500.00","Build an EPIC Home on 27-29 March","Build an EPIC Home on 27-29 March - Missions - Sedunia
"," Scroll down for more tickets  ","https://www.sedunia.me/missions/build-an-epic-home-on-27-29-march#participants"
"Volunteer for a Mission","","Missions - Sedunia
","Find out where you can make a difference and start changing lives!   ","https://www.sedunia.me/missions?tag=workshops&show=upcoming&sort=chronological&page=1"
"","Ping Zhi Chuah","Ping Zhi Chuah's Profile - Sedunia
","","https://www.sedunia.me/users/ping-zhi-chuah"
"","Kai Ying Eng","Kai Ying Eng's Profile - Sedunia
","","https://www.sedunia.me/users/kai-ying-eng"
"","Richard Loh","Richard Loh's Profile - Sedunia
","","https://www.sedunia.me/users/Richard%20Loh"
"","Tiew Kai Xiang","Tiew Kai Xiang's Profile - Sedunia
","","https://www.sedunia.me/users/tiew-kai-xiang"
"","Hashida Lee","Hashida Lee's Profile - Sedunia
","","https://www.sedunia.me/users/hashida-lee"
"","Kar-Munn Tan","Kar-Munn Tan's Profile - Sedunia
","","https://www.sedunia.me/users/kar-munn-tan"
"","Elaine Chen","Elaine Chen's Profile - Sedunia
","","https://www.sedunia.me/users/elaine-chen-1"
"Mobilise & empower ordinary people to make extraordinary impact in communities","EPIC","Campaigns - EPIC - Groups - Sedunia
","3957 followers  |  573 missions  |   9609 mission hours","https://www.sedunia.me/groups/epic/campaigns"
"Mobilise & empower ordinary people to make extraordinary impact in communities","EPIC","EPIC - Groups - Sedunia
","3957 followers  |  573 missions  |   9609 mission hours","https://www.sedunia.me/groups/epic#collapseFilters"
"Mobilise & empower ordinary people to make extraordinary impact in communities","EPIC","EPIC - Groups - Sedunia
","3957 followers  |  573 missions  |   9609 mission hours","https://www.sedunia.me/groups/epic#collapseSocial"
"","John-Son Oei","John-Son Oei's Profile - Sedunia
","","https://www.sedunia.me/users/johnsonoei"
"","Chew Leslie","Chew Leslie's Profile - Sedunia
","","https://www.sedunia.me/users/chew-leslie"
"","Shavitra Balamurali","Shavitra Balamurali's Profile - Sedunia
","","https://www.sedunia.me/users/shavitra-balamurali"
"","I will run 20KM","I will run 20KM - Fundraising Campaigns - Sedunia
","for Homes 4 Malaysia EPIC Homes build for an Orang Asli family.    BOOST","https://www.sedunia.me/campaigns/organise-ping-pong-tournaments"
"","Petrina Thong","Petrina Thong's Profile - Sedunia
","","https://www.sedunia.me/users/petrinanana"
"","Sacha Lerda","Sacha Lerda's Profile - Sedunia
","","https://www.sedunia.me/users/sacha-lerda"
"","Ashley Yeong","Ashley Yeong's Profile - Sedunia
","","https://www.sedunia.me/users/ashleyyeong"
"MYR250.00","Build EPIC Homes on 2nd - 4th May","Build EPIC Homes on 2nd - 4th May - Missions - Sedunia
"," Scroll down for more tickets  ","https://www.sedunia.me/missions/build-epic-homes-on-2nd-4th-may"
"","Building a Home for an Orang Asli Family","Building a Home for an Orang Asli Family - Fundraising Campaigns - Sedunia
","for Homes 4 Malaysia EPIC Homes build for an Orang Asli family.    BOOST","https://www.sedunia.me/campaigns/creating-a-fundraiser-campaign-on-social-media-and-sharing-it-online"
"","Jey Sern Loo","Jey Sern Loo's Profile - Sedunia
","","https://www.sedunia.me/users/jey-sern-loo"
"","Valeria Stefanutti Gan","Valeria Stefanutti Gan's Profile - Sedunia
","","https://www.sedunia.me/users/valeria-stefanutti-gan"
"","Jade Tan","Jade Tan's Profile - Sedunia
","","https://www.sedunia.me/users/jade-tan"
"FREE","24th July 2025 Basic Builder Workshop for Oleon (64 pax)","24th July 2025 Basic Builder Workshop for Oleon (64 pax) - Missions - Sedunia
"," Scroll down for more tickets  ","https://www.sedunia.me/missions/basic-builder-workshop-for-oleon"
"MYR250.00","Build an EPIC Home on 17-19 October","Build an EPIC Home on 17-19 October - Missions - Sedunia
"," Scroll down for more tickets  ","https://www.sedunia.me/missions/build-epic-homes-on-17-19-october"
"","Leticia Tan","Leticia Tan's Profile - Sedunia
","","https://www.sedunia.me/users/leticia-tan"
"","SooAun  Kok","SooAun  Kok's Profile - Sedunia
","","https://www.sedunia.me/users/sooaun"
"","Frederic  Choo","Frederic  Choo's Profile - Sedunia
","","https://www.sedunia.me/users/frederic-choo"
"MYR250.00","Build EPIC Homes on 25th - 27th April","Build EPIC Homes on 25th - 27th April - Missions - Sedunia
"," Scroll down for more tickets  ","https://www.sedunia.me/missions/build-epic-homes-on-25th-27th-april"
"","Chu Hwai  Lim ","Chu Hwai  Lim 's Profile - Sedunia
","","https://www.sedunia.me/users/chu-hwai"
"FREE","19 October Basic Builder Workshop ","19 October Basic Builder Workshop  - Missions - Sedunia
"," Scroll down for more tickets  ","https://www.sedunia.me/missions/19-october-basic-builder-workshop"
"","Esther Dorai","Esther Dorai's Profile - Sedunia
","","https://www.sedunia.me/users/esther-dorai"
"","Sze Hui Lim","Sze Hui Lim's Profile - Sedunia
","","https://www.sedunia.me/users/sze-hui-lim"
"MYR250.00","Build EPIC Homes on 18th - 20th July","Build EPIC Homes on 18th - 20th July - Missions - Sedunia
"," Scroll down for more tickets  ","https://www.sedunia.me/missions/build-epic-homes-on-18th-20th-july"
"","Lee shui khei Lee","Lee shui khei Lee's Profile - Sedunia
","","https://www.sedunia.me/users/lee-shui-kheisk-lee"
"","ALVIN CHIN","ALVIN CHIN's Profile - Sedunia
","","https://www.sedunia.me/users/alvin-chin"
"FREE","Build an EPIC Home on 28-30 November ","Build an EPIC Home on 28-30 November  - Missions - Sedunia
"," Scroll down for more tickets  ","https://www.sedunia.me/missions/build-an-epic-homes-hartalega-november"
"","Sarah Amirah Sa’aid Hazley","Sarah Amirah Sa’aid Hazley's Profile - Sedunia
","","https://www.sedunia.me/users/sarah-amirah-sa-aid-hazley"
"MYR250.00","Build EPIC Homes on 11th - 13th April","Build EPIC Homes on 11th - 13th April - Missions - Sedunia
"," Scroll down for more tickets  ","https://www.sedunia.me/missions/build-epic-homes-on-11th-13th-april"
"","Shan Ming Yap","Shan Ming Yap's Profile - Sedunia
","","https://www.sedunia.me/users/shan-ming-yap"
"","Ross Stephenson","Ross Stephenson's Profile - Sedunia
","","https://www.sedunia.me/users/ross-stephenson"
"FREE","17th July 2025 Basic Builder Workshop for YTL","17th July 2025 Basic Builder Workshop for YTL - Missions - Sedunia
"," Scroll down for more tickets  ","https://www.sedunia.me/missions/17th-july-2025-basic-builder-workshop-for-ytl-1"
"FREE","23 August Basic Builder Workshop ","23 August Basic Builder Workshop  - Missions - Sedunia
"," Scroll down for more tickets  ","https://www.sedunia.me/missions/23-august-basic-builder-workshop"
"FREE","12 July Basic Builder Workshop  ","12 July Basic Builder Workshop   - Missions - Sedunia
"," Scroll down for more tickets  ","https://www.sedunia.me/missions/12-july-basic-builder-workshop"
"","Leeann Ching","Leeann Ching's Profile - Sedunia
","","https://www.sedunia.me/users/leeann-ching-1"
"FREE","24 - 25 November Good Builder Workshop ","24 - 25 November Good Builder Workshop  - Missions - Sedunia
"," Scroll down for more tickets  ","https://www.sedunia.me/missions/24-25-november-good-builder-workshop"
"","Fadzli Jani","Fadzli Jani's Profile - Sedunia
","","https://www.sedunia.me/users/fadzli-jani"
"","Raphael Mannadiar","Raphael Mannadiar's Profile - Sedunia
","","https://www.sedunia.me/users/raphael-mannadiar"
"FREE","Build an EPIC Home on 10-12 October","Build an EPIC Home on 10-12 October - Missions - Sedunia
"," Scroll down for more tickets  ","https://www.sedunia.me/missions/build-an-epic-homes-zurich-oct"
"","Siti Nur Shamyra Mohd Sezali","Siti Nur Shamyra Mohd Sezali's Profile - Sedunia
","","https://www.sedunia.me/users/snurshamyra"
"","Charissa Chan","Charissa Chan's Profile - Sedunia
","","https://www.sedunia.me/users/charissa-chan"
"FREE","Mapping Kampung Orang Asli Sungai Peroh - Kahang, Johor","Mapping Kampung Orang Asli Sungai Peroh - Kahang, Johor - Missions - Sedunia
"," Scroll down for more tickets  ","https://www.sedunia.me/missions/mapping-kampung-orang-asli-sungai-peroh-kahang-johor"
"","Bhuvana Surya ","Bhuvana Surya 's Profile - Sedunia
","","https://www.sedunia.me/users/bhuvana-surya"
"","Anna Yap","Anna Yap's Profile - Sedunia
","","https://www.sedunia.me/users/anna-yap"
"FREE","Private EPIC Homes Build on 25th - 27th October For MKIS","Private EPIC Homes Build on 25th - 27th October For MKIS - Missions - Sedunia
"," Scroll down for more tickets  ","https://www.sedunia.me/missions/build-epic-homes-on-25th-27th-october"
"MYR250.00","Build EPIC Homes on 4th - 6th April ","Build EPIC Homes on 4th - 6th April  - Missions - Sedunia
"," Scroll down for more tickets  ","https://www.sedunia.me/missions/build-epic-homes-on-4th-6th-april"
"FREE","Build EPIC Homes on 4th - 6th July","Build EPIC Homes on 4th - 6th July - Missions - Sedunia
"," Scroll down for more tickets  ","https://www.sedunia.me/missions/build-epic-homes-on-4th-6th-july"
"","Johnson Ling","Johnson Ling's Profile - Sedunia
","","https://www.sedunia.me/users/johnson-ling"
"MYR250.00","Build EPIC Homes on 27th - 29th June","Build EPIC Homes on 27th - 29th June - Missions - Sedunia
"," Scroll down for more tickets  ","https://www.sedunia.me/missions/build-epic-homes-on-27th-29th-june"
"","Michelle Tan","Michelle Tan's Profile - Sedunia
","","https://www.sedunia.me/users/michelle-tan-6"
"FREE","11 October Basic Builder Workshop ","11 October Basic Builder Workshop  - Missions - Sedunia
"," Scroll down for more tickets  ","https://www.sedunia.me/missions/11-oct-basic-builder-workshop"
"FREE","Mapping Kampung Orang Asli Seri Kenangan - Kluang, Johor","Mapping Kampung Orang Asli Seri Kenangan - Kluang, Johor - Missions - Sedunia
"," Scroll down for more tickets  ","https://www.sedunia.me/missions/mapping-kampung-orang-asli-seri-kenangan-kluang-johor"
"","Stride for Survival Empowering the Orang Asli","Stride for Survival Empowering the Orang Asli - Fundraising Campaigns - Sedunia
","for Homes 4 Malaysia EPIC Homes build for an Orang Asli family.    BOOST","https://www.sedunia.me/campaigns/stride-for-survival-empowering-the-orang-asli"
"MYR250.00","Build an EPIC Home on 14-16 November","Build an EPIC Home on 14-16 November - Missions - Sedunia
"," Scroll down for more tickets  ","https://www.sedunia.me/missions/build-an-epic-home-on-14-16-november-2025"
"","Rana Altounjy","Rana Altounjy's Profile - Sedunia
","","https://www.sedunia.me/users/rana-altounjy"
"","Aida May","Aida May's Profile - Sedunia
","","https://www.sedunia.me/users/aida-may"
"","Nur Khalaf","Nur Khalaf's Profile - Sedunia
","","https://www.sedunia.me/users/nur-khalaf"
"","Homes 4 Malaysia EPIC Homes build for an Orang Asli family.","Homes 4 Malaysia EPIC Homes build for an Orang Asli family. - Fundraising Campaigns - Sedunia
","M'KIS Homes 4 Malaysia Club is fundraising to build a home for an Orang Asli family in Malaysia.
				","https://www.sedunia.me/campaigns/homes-4-malaysia-epic-homes-build-for-an-orang-asli-family"
"","Dominic Tham","Dominic Tham's Profile - Sedunia
","","https://www.sedunia.me/users/dominic-tham"
"FREE","Build an EPIC Home on 3-5 October","Build an EPIC Home on 3-5 October - Missions - Sedunia
"," Scroll down for more tickets  ","https://www.sedunia.me/missions/build-an-epic-homes-geaerospace"
"MYR250.00","Build EPIC Homes on 23rd - 25th May","Build EPIC Homes on 23rd - 25th May - Missions - Sedunia
"," Scroll down for more tickets  ","https://www.sedunia.me/missions/build-epic-homes-on-23rd-25th-may"
"","Sharoh  Yip","Sharoh  Yip's Profile - Sedunia
","","https://www.sedunia.me/users/sharoh-yip-1"
"","Darshan SRINIVASAN","Darshan SRINIVASAN's Profile - Sedunia
","","https://www.sedunia.me/users/darshan-srinivasan"
"","Project: Paying it Forward - Build a house for orang asli","Project: Paying it Forward - Build a house for orang asli - Fundraising Campaigns - Sedunia
","This is a giver project, a contribution back to the society.
				 Poverty Alleviation Housing & Infrastructure Health & Wellbeing Water & Sanitation Partnerships","https://www.sedunia.me/campaigns/dtm-project-paying-it-forward-build-a-house-for-orang-asli-1"
"FREE","Build an EPIC Home on 7-9 November","Build an EPIC Home on 7-9 November - Missions - Sedunia
"," Scroll down for more tickets  ","https://www.sedunia.me/missions/build-an-epic-homes-metlife"
"FREE","5 April Basic Builder Workshop  ","5 April Basic Builder Workshop   - Missions - Sedunia
"," Scroll down for more tickets  ","https://www.sedunia.me/missions/5th-april-2025-basic-builder-workshop"
"MYR250.00","Build EPIC Homes on 31st May - 2nd June","Build EPIC Homes on 31st May - 2nd June - Missions - Sedunia
"," Scroll down for more tickets  ","https://www.sedunia.me/missions/build-epic-homes-on-31st-2nd-june"
"","Ziad Abou-Rafeh","Ziad Abou-Rafeh's Profile - Sedunia
","","https://www.sedunia.me/users/ziad-abou-rafeh"
